,Player,Tm,FantPos,Age,G,GS,Cmp,Att,Yds,TD,Int,Att,Yds,Y/A,TD,Tgt,Rec,Yds,Y/R,TD,Fmb,FL,TD,2PM,2PP,FantPt,PPR,DKPt,FDPt,VBD,PosRank,OvRank,Year
0,Jalen Hurts*,PHI,QB,24,14,14,286,425,3472,22,5,156,747,4.79,13,0,0,0,N/A,0,9,2,13,2,N/A,370,369.6,382.6,374.6,135,1,1,2022
1,Josh Jacobs*,LVR,RB,24,14,14,0,0,0,0,0,291,1495,5.14,11,55,46,363,7.89,0,3,1,11,N/A,N/A,250,295.8,302.8,272.8,124,1,2,2022
2,Patrick Mahomes*,KAN,QB,27,14,14,372,552,4496,35,11,52,313,6.02,3,0,0,0,N/A,0,5,0,3,1,2,353,353.1,370.1,364.1,120,2,3,2022
3,Josh Allen*,BUF,QB,26,14,14,325,510,3857,30,11,109,705,6.47,6,0,0,0,N/A,0,12,5,6,1,N/A,351,350.8,372.8,361.8,118,3,4,2022
4,Derrick Henry *,TEN,RB,28,14,14,2,2,4,1,0,296,1303,4.40,12,38,30,379,12.63,0,5,2,12,N/A,N/A,240,270.4,278.4,255.4,115,2,5,2022
5,Travis Kelce*,KAN,TE,33,14,14,0,0,0,0,0,2,5,2.50,0,127,91,1144,12.57,12,1,1,12,1,N/A,187,277.9,281.9,232.4,110,1,6,2022
6,Justin Jefferson*,MIN,WR,23,14,14,2,2,34,0,0,4,24,6.00,1,158,111,1623,14.62,7,0,0,8,1,N/A,216,327.1,330.1,271.6,109,1,7,2022
7,Tyreek Hill*,MIA,WR,28,14,14,0,0,0,0,0,6,30,5.00,0,152,109,1529,14.03,7,1,0,8,N/A,N/A,204,312.9,315.9,258.4,97,2,8,2022
8,Christian McCaffrey,2TM,RB,26,14,13,1,1,34,1,0,200,927,4.64,6,94,74,623,8.42,4,1,0,10,N/A,N/A,220,294.4,300.4,257.4,96,3,9,2022
9,Davante Adams*,LVR,WR,30,14,14,0,0,0,0,0,3,-1,-0.33,0,151,86,1275,14.83,12,1,0,12,N/A,N/A,199,285.4,288.4,242.4,93,3,10,2022
10,Nick Chubb*,CLE,RB,27,14,14,0,0,0,0,0,252,1252,4.97,12,29,20,172,8.60,0,1,1,12,1,N/A,214,234.4,241.4,224.4,90,4,11,2022
11,Austin Ekeler,LAC,RB,27,14,14,0,0,0,0,0,165,692,4.19,9,115,95,635,6.68,5,4,2,14,N/A,N/A,213,307.7,315.7,260.2,89,5,12,2022
12,Joe Burrow*,CIN,QB,26,14,14,349,512,3885,31,10,68,242,3.56,5,0,0,0,N/A,0,5,2,5,N/A,3,316,315.6,333.6,325.6,85,4,13,2022
13,Stefon Diggs*,BUF,WR,29,14,14,0,0,0,0,0,1,-3,-3.00,0,142,99,1299,13.12,10,1,0,10,N/A,N/A,190,288.6,291.6,239.1,84,4,14,2022
14,Saquon Barkley*,NYG,RB,25,14,14,0,0,0,0,0,269,1170,4.35,9,62,47,294,6.26,0,1,0,9,1,N/A,202,249.4,255.4,225.9,79,6,15,2022
15,Tony Pollard*,DAL,RB,25,14,4,0,0,0,0,0,177,969,5.47,9,46,33,310,9.39,3,0,0,12,N/A,N/A,200,232.9,238.9,216.4,77,7,16,2022
16,A.J. Brown*,PHI,WR,25,14,13,0,0,0,0,0,0,0,N/A,0,118,74,1201,16.23,10,2,2,10,N/A,N/A,176,250.1,255.1,213.1,71,5,17,2022
17,Dalvin Cook,MIN,RB,27,14,14,0,0,0,0,0,230,1045,4.54,8,48,33,265,8.03,2,3,3,10,N/A,N/A,185,218.0,227.0,201.5,63,8,18,2022
18,Miles Sanders*,PHI,RB,25,14,12,0,0,0,0,0,215,1110,5.16,11,24,19,72,3.79,0,1,1,11,N/A,N/A,182,201.2,205.2,191.7,60,9,19,2022
19,Trevor Lawrence,JAX,QB,23,15,15,350,531,3749,24,7,56,290,5.18,5,0,0,0,N/A,0,10,8,5,N/A,3,281,281.0,302.0,288.0,52,5,20,2022
20,Jamaal Williams,DET,RB,27,14,7,0,0,0,0,0,217,839,3.87,14,13,9,57,6.33,0,3,2,14,1,N/A,172,180.6,185.6,176.1,50,10,21,2022
21,Jaylen Waddle,MIA,WR,24,14,14,0,0,0,0,0,2,17,8.50,0,101,62,1117,18.02,7,1,1,7,N/A,N/A,153,215.4,219.4,184.4,50,6,22,2022
22,Aaron Jones,GNB,RB,28,14,14,0,0,0,0,0,181,937,5.18,2,63,52,364,7.00,5,4,2,7,1,N/A,170,222.1,230.1,196.1,49,11,23,2022
23,CeeDee Lamb*,DAL,WR,23,14,14,0,0,0,0,0,10,47,4.70,0,124,81,1087,13.42,6,0,0,6,N/A,N/A,149,230.4,233.4,189.9,46,7,24,2022
24,Rhamondre Stevenson,NWE,RB,24,14,5,0,0,0,0,0,183,914,4.99,5,73,60,381,6.35,1,1,0,6,N/A,N/A,166,225.5,231.5,195.5,44,12,25,2022
25,Justin Fields,CHI,QB,23,13,13,170,274,2048,15,10,143,1000,6.99,8,0,0,0,N/A,0,15,1,8,N/A,1,270,269.9,286.9,279.9,42,6,26,2022
26,Amon-Ra St. Brown,DET,WR,23,13,13,0,0,0,0,0,8,95,11.88,0,119,89,974,10.94,6,0,0,6,N/A,N/A,143,231.9,234.9,187.4,40,8,27,2022
27,Taysom Hill,NOR,TE,32,13,8,11,17,216,2,0,68,449,6.60,5,11,7,66,9.43,2,2,0,7,N/A,N/A,110,117.1,120.1,113.6,37,2,28,2022
28,Tyler Lockett,SEA,WR,30,14,14,0,0,0,0,0,0,0,N/A,0,108,78,964,12.36,8,2,2,8,N/A,N/A,140,218.4,223.4,179.4,37,9,29,2022
29,Christian Kirk,JAX,WR,26,15,15,0,1,0,0,0,5,11,2.20,0,122,76,988,13.00,7,1,1,7,N/A,N/A,140,215.9,219.9,177.9,37,10,30,2022
30,Joe Mixon,CIN,RB,26,12,12,0,0,0,0,0,183,722,3.95,6,61,48,357,7.44,2,0,0,8,N/A,N/A,156,203.9,209.9,179.9,35,13,31,2022
31,Geno Smith*,SEA,QB,32,14,14,337,472,3671,26,8,56,281,5.02,1,0,0,0,N/A,0,7,4,1,N/A,N/A,261,260.9,278.9,268.9,33,7,32,2022
32,Ja'Marr Chase*,CIN,WR,22,10,10,0,0,0,0,0,5,8,1.60,0,110,71,881,12.41,8,1,1,8,N/A,N/A,135,205.9,209.9,170.4,32,11,33,2022
33,Mark Andrews*,BAL,TE,27,13,13,0,0,0,0,0,3,8,2.67,0,99,61,702,11.51,5,1,0,5,1,N/A,103,164.0,167.0,133.5,31,3,34,2022
34,Amari Cooper,CLE,WR,28,14,14,0,1,0,0,1,0,0,N/A,0,115,67,932,13.91,7,0,0,7,N/A,N/A,133,200.2,204.2,167.7,31,12,35,2022
35,T.J. Hockenson*,2TM,TE,25,14,12,0,0,0,0,0,0,0,N/A,0,100,65,730,11.23,4,1,1,4,2,N/A,99,164.0,168.0,131.5,27,4,36,2022
36,Travis Etienne,JAX,RB,23,15,10,0,0,0,0,0,204,1000,4.90,4,40,30,267,8.90,0,5,3,4,1,N/A,147,176.7,185.7,161.7,27,14,37,2022
37,Evan Engram,JAX,TE,28,15,12,0,0,0,0,0,1,0,0.00,0,92,68,723,10.63,4,0,0,4,1,N/A,98,166.3,169.3,132.3,26,5,38,2022
38,Ezekiel Elliott,DAL,RB,27,12,11,0,0,0,0,0,188,774,4.12,10,20,16,86,5.38,0,0,0,10,N/A,N/A,146,162.0,165.0,154.0,26,15,39,2022
39,Tee Higgins,CIN,WR,23,14,12,0,0,0,0,0,0,0,N/A,0,93,65,894,13.75,6,0,0,6,1,N/A,127,192.4,195.4,159.9,25,13,40,2022
40,Cooper Kupp,LAR,WR,29,9,9,0,1,0,0,0,9,52,5.78,1,98,75,812,10.83,6,2,1,7,N/A,N/A,126,201.4,205.4,163.9,24,14,41,2022
41,D.K. Metcalf,SEA,WR,25,14,14,0,0,0,0,0,0,0,N/A,0,119,79,924,11.70,6,2,2,6,N/A,N/A,124,203.4,208.4,163.9,22,15,42,2022
42,Najee Harris,PIT,RB,24,14,14,1,1,4,0,0,211,790,3.74,6,40,32,165,5.16,2,2,1,8,N/A,N/A,142,173.7,180.7,157.7,22,16,43,2022
43,George Kittle*,SFO,TE,29,12,12,0,0,0,0,0,0,0,N/A,0,64,46,593,12.89,6,1,1,6,N/A,N/A,93,139.3,143.3,116.3,22,6,44,2022
44,Garrett Wilson,NYJ,WR,22,15,10,0,1,0,0,0,4,4,1.00,0,119,71,996,14.03,4,2,1,4,N/A,N/A,122,193.0,197.0,157.5,20,16,45,2022
45,Kirk Cousins*,MIN,QB,34,14,14,355,544,3818,24,11,27,58,2.15,2,0,0,0,N/A,0,5,2,2,N/A,3,247,246.5,262.5,257.5,20,8,46,2022
46,Terry McLaurin*,WAS,WR,27,14,14,0,0,0,0,0,6,17,2.83,0,104,68,1015,14.93,3,1,0,3,N/A,N/A,121,189.2,192.2,155.2,19,17,47,2022
47,Kenneth Walker III,SEA,RB,22,12,8,0,0,0,0,0,150,696,4.64,9,31,23,148,6.43,0,0,0,9,N/A,N/A,138,161.4,167.4,149.9,19,17,48,2022
48,Dameon Pierce,HOU,RB,22,13,13,0,0,0,0,0,220,939,4.27,4,39,30,165,5.50,1,4,2,5,N/A,N/A,136,166.4,174.4,151.4,17,18,49,2022
49,DeVonta Smith,PHI,WR,24,14,14,0,0,0,0,0,0,0,N/A,0,103,71,901,12.69,5,1,1,5,N/A,N/A,118,189.1,193.1,153.6,16,19,50,2022
50,Brandon Aiyuk,SFO,WR,24,14,14,0,0,0,0,0,1,7,7.00,0,90,60,774,12.90,7,1,1,7,N/A,N/A,118,178.1,182.1,148.1,16,18,51,2022
51,Leonard Fournette,TAM,RB,27,13,9,0,1,0,0,1,159,568,3.57,3,68,59,410,6.95,3,0,0,6,N/A,N/A,132,190.8,197.8,162.3,13,19,52,2022
52,Juwan Johnson,NOR,TE,26,13,9,0,0,0,0,0,0,0,N/A,0,55,35,416,11.89,7,0,0,7,N/A,N/A,84,118.6,121.6,101.1,13,7,53,2022
53,David Montgomery,CHI,RB,25,13,13,0,0,0,0,0,172,694,4.03,5,33,28,282,10.07,1,1,1,6,N/A,N/A,132,159.6,166.6,145.6,12,20,54,2022
54,Justin Herbert,LAC,QB,24,14,14,407,603,4019,21,9,46,145,3.15,0,2,2,-10,-5.00,0,6,2,0,N/A,1,238,240.3,257.3,248.3,12,9,55,2022
55,Chris Olave,NOR,WR,22,13,8,0,0,0,0,0,0,0,N/A,0,102,63,940,14.92,3,1,1,3,1,N/A,112,175.0,179.0,143.5,11,20,56,2022
56,Zay Jones,JAX,WR,27,14,13,0,0,0,0,0,4,18,4.50,0,110,75,778,10.37,5,0,0,5,1,N/A,112,186.6,189.6,149.1,10,21,57,2022
57,Gabriel Davis,BUF,WR,23,13,13,0,0,0,0,0,0,0,N/A,0,77,42,752,17.90,6,0,0,6,N/A,N/A,111,153.2,156.2,132.2,10,22,58,2022
58,Lamar Jackson,BAL,QB,25,12,12,203,326,2242,17,7,112,764,6.82,3,0,0,0,N/A,0,5,2,3,N/A,1,236,236.1,251.1,243.1,10,10,59,2022
59,Deebo Samuel,SFO,WR,26,12,11,0,0,0,0,0,41,228,5.56,3,91,54,612,11.33,2,3,2,5,N/A,N/A,110,164.0,172.0,137.0,9,23,60,2022
60,James Conner,ARI,RB,27,11,11,0,0,0,0,0,152,624,4.11,6,47,36,228,6.33,1,3,1,7,N/A,N/A,125,161.2,168.2,143.2,6,21,61,2022
61,Daniel Jones,NYG,QB,25,14,14,268,406,2694,12,4,105,583,5.55,5,0,0,0,N/A,0,5,3,5,N/A,1,232,232.1,245.1,236.1,6,11,62,2022
62,Mike Evans,TAM,WR,29,13,13,0,0,0,0,0,0,0,N/A,0,107,64,888,13.88,3,0,0,3,N/A,N/A,107,170.8,173.8,138.8,6,24,63,2022
63,Christian Watson,GNB,WR,23,11,8,0,0,0,0,0,5,68,13.60,2,47,29,447,15.41,7,0,0,9,N/A,N/A,106,134.5,137.5,120.0,5,25,64,2022
64,Pat Freiermuth,PIT,TE,24,13,7,0,0,0,0,0,0,0,N/A,0,82,53,630,11.89,2,0,0,2,N/A,N/A,75,128.0,131.0,101.5,4,8,65,2022
65,Cole Kmet,CHI,TE,23,14,14,0,0,0,0,0,2,9,4.50,0,55,39,433,11.10,5,1,0,5,N/A,N/A,74,113.2,116.2,93.7,4,9,66,2022
66,Jerry Jeudy,DEN,WR,23,12,11,0,0,0,0,0,1,1,1.00,0,76,49,663,13.53,6,0,0,6,N/A,N/A,102,151.4,154.4,126.9,2,26,67,2022
67,Devin Singletary,BUF,RB,25,14,14,0,0,0,0,0,158,684,4.33,4,48,35,258,7.37,1,2,2,5,N/A,N/A,120,155.2,163.2,137.7,2,22,68,2022
68,D.J. Moore,CAR,WR,25,14,14,0,0,0,0,0,9,45,5.00,0,97,51,678,13.29,5,0,0,5,N/A,N/A,102,153.3,156.3,127.8,2,27,69,2022
69,Tyler Boyd,CIN,WR,28,14,12,1,1,23,0,0,0,0,N/A,0,71,50,690,13.80,5,0,0,5,1,N/A,102,151.9,154.9,126.9,1,28,70,2022
70,Curtis Samuel,WAS,WR,26,14,10,0,0,0,0,0,36,189,5.25,1,84,57,600,10.53,3,1,1,4,N/A,N/A,101,157.9,164.9,129.4,N/A,29,71,2022
71,Dawson Knox,BUF,TE,26,13,13,0,0,0,0,0,0,0,N/A,0,58,43,466,10.84,4,0,0,4,N/A,N/A,71,113.6,116.6,92.1,N/A,10,72,2022
72,Alvin Kamara,NOR,RB,27,12,11,0,0,0,0,0,164,641,3.91,1,70,53,446,8.42,2,4,4,3,N/A,N/A,119,171.7,181.7,145.2,N/A,23,73,2022
73,Dallas Goedert,PHI,TE,27,9,9,0,0,0,0,0,0,0,N/A,0,53,43,544,12.65,3,1,1,3,N/A,N/A,70,113.4,117.4,91.9,N/A,11,74,2022
74,Jonathan Taylor,IND,RB,23,11,11,0,0,0,0,0,192,861,4.48,4,40,28,143,5.11,0,3,3,4,N/A,N/A,118,146.4,155.4,132.4,N/A,24,75,2022
75,Tory Carter,TEN,N/A,23,9,3,0,0,0,0,0,0,0,N/A,0,0,0,0,N/A,0,0,0,0,N/A,N/A,N/A,N/A,N/A,N/A,N/A,2,76,2022
76,Alex Armah,WAS,N/A,28,2,0,0,0,0,0,0,0,0,N/A,0,0,0,0,N/A,0,0,0,0,N/A,N/A,N/A,N/A,N/A,N/A,N/A,1,77,2022
77,Adam Thielen,MIN,WR,32,14,14,0,0,0,0,0,0,0,N/A,0,95,66,686,10.39,5,0,0,5,1,N/A,101,166.6,169.6,133.6,N/A,30,78,2022
78,Jared Goff,DET,QB,28,14,14,313,482,3604,23,7,23,51,2.22,0,1,1,5,5.00,0,5,3,0,1,1,226,226.8,239.8,233.3,N/A,12,N/A,2022
79,Tua Tagovailoa,MIA,QB,24,12,12,243,375,3238,24,5,22,70,3.18,0,0,0,0,N/A,0,4,1,0,N/A,N/A,221,220.5,229.5,225.5,N/A,13,N/A,2022
80,Tom Brady,TAM,QB,45,14,14,411,623,3897,20,7,24,-6,-0.25,0,1,0,0,N/A,0,5,4,0,N/A,1,215,215.3,229.3,222.3,N/A,14,N/A,2022
81,Derek Carr,LVR,QB,31,14,14,289,472,3348,23,11,21,88,4.19,0,0,0,0,N/A,0,4,0,0,N/A,N/A,213,212.7,226.7,223.7,N/A,15,N/A,2022
82,Kyler Murray,ARI,QB,25,11,11,259,390,2368,14,7,67,418,6.24,3,0,0,0,N/A,0,8,2,3,1,3,201,200.5,215.5,207.5,N/A,16,N/A,2022
83,Aaron Rodgers,GNB,QB,39,14,14,294,453,3093,23,10,23,64,2.78,0,0,0,0,N/A,0,7,4,0,N/A,2,198,198.1,215.1,208.1,N/A,17,N/A,2022
84,Marcus Mariota,ATL,QB,29,13,13,184,300,2219,15,9,85,438,5.15,4,0,0,0,N/A,0,8,3,4,N/A,2,197,196.6,214.6,205.6,N/A,18,N/A,2022
85,Russell Wilson,DEN,QB,34,12,12,238,394,2805,11,6,41,215,5.24,1,1,1,1,1.00,0,5,1,1,N/A,N/A,170,170.8,183.8,176.3,N/A,19,N/A,2022
86,Jacoby Brissett,CLE,QB,30,14,11,236,369,2608,12,6,48,241,5.02,2,0,0,0,N/A,0,6,4,2,N/A,N/A,168,168.4,184.4,174.4,N/A,20,N/A,2022
87,Jimmy Garoppolo,SFO,QB,31,11,10,207,308,2437,16,4,23,33,1.43,2,0,0,0,N/A,0,3,2,2,N/A,N/A,165,164.8,173.8,168.8,N/A,21,N/A,2022
88,Ryan Tannehill,TEN,QB,34,12,12,212,325,2536,13,6,34,98,2.88,2,0,0,0,N/A,0,3,2,2,N/A,1,161,161.2,172.2,167.2,N/A,22,N/A,2022
89,Andy Dalton,NOR,QB,35,11,11,211,316,2403,17,7,26,55,2.12,0,0,0,0,N/A,0,3,1,0,N/A,1,156,155.6,166.6,162.6,N/A,23,N/A,2022
90,Matt Ryan,IND,QB,37,12,12,309,461,3057,14,13,27,70,2.59,1,0,0,0,N/A,0,15,5,1,N/A,N/A,155,155.3,176.3,168.3,N/A,24,N/A,2022
91,Dak Prescott,DAL,QB,29,9,9,191,281,2103,17,11,30,114,3.80,1,0,0,0,N/A,0,2,0,1,N/A,N/A,148,147.5,164.5,158.5,N/A,25,N/A,2022
92,Davis Mills,HOU,QB,24,12,12,231,373,2440,13,12,23,61,2.65,2,0,0,0,N/A,0,5,2,2,N/A,N/A,140,139.7,156.7,151.7,N/A,26,N/A,2022
93,Mac Jones,NWE,QB,24,11,11,221,336,2310,7,8,39,97,2.49,1,0,0,0,N/A,0,5,1,1,N/A,1,120,120.1,132.1,128.1,N/A,27,N/A,2022
94,Antonio Gibson ,WAS,RB,24,14,6,0,0,0,0,0,144,536,3.72,3,55,44,332,7.55,2,1,0,5,N/A,N/A,117,160.8,166.8,138.8,N/A,25,N/A,2022
95,AJ Dillon ,GNB,RB,24,14,3,0,0,0,0,0,154,660,4.29,5,36,26,194,7.46,0,1,0,5,N/A,N/A,115,141.4,147.4,128.4,N/A,26,N/A,2022
96,Raheem Mostert,MIA,RB,30,13,11,0,0,0,0,0,153,746,4.88,3,29,19,146,7.68,1,0,0,4,N/A,N/A,113,132.2,138.2,122.7,N/A,27,N/A,2022
97,Kenny Pickett,PIT,QB,24,10,9,191,294,1797,4,8,44,225,5.11,3,0,0,0,N/A,0,3,1,3,N/A,1,112,112.4,127.4,120.4,N/A,28,N/A,2022
98,Jeff Wilson,2TM,RB,27,13,7,0,0,0,0,0,136,706,5.19,4,26,16,149,9.31,1,3,2,5,N/A,N/A,112,127.5,135.5,119.5,N/A,28,N/A,2022
99,Cordarrelle Patterson,ATL,RB,31,10,9,0,0,0,0,0,122,618,5.07,6,19,12,65,5.42,0,1,1,7,N/A,N/A,108,120.3,124.3,114.3,N/A,29,N/A,2022
100,Matthew Stafford,LAR,QB,34,9,9,206,303,2087,10,8,13,9,0.69,1,0,0,0,N/A,0,5,3,1,N/A,N/A,108,108.4,122.4,116.4,N/A,29,N/A,2022
101,D'Andre Swift,DET,RB,23,11,7,0,0,0,0,0,78,427,5.47,4,54,36,276,7.67,2,1,0,6,1,N/A,108,144.3,150.3,126.3,N/A,30,N/A,2022
102,Taylor Heinicke,WAS,QB,29,8,8,148,241,1693,10,5,26,100,3.85,1,0,0,0,N/A,0,6,4,1,N/A,N/A,106,105.7,120.7,110.7,N/A,30,N/A,2022
103,Jerick McKinnon,KAN,RB,30,14,0,0,0,0,0,0,63,274,4.35,1,59,46,429,9.33,5,1,1,6,1,N/A,106,152.3,159.3,129.3,N/A,31,N/A,2022
104,Tyler Allgeier,ATL,RB,22,13,6,0,0,0,0,0,148,743,5.02,2,11,11,84,7.64,1,0,0,3,1,N/A,103,113.7,116.7,108.2,N/A,32,N/A,2022
105,Khalil Herbert,CHI,RB,24,10,1,0,0,0,0,0,108,643,5.95,4,7,6,62,10.33,1,0,0,5,N/A,N/A,101,106.5,109.5,103.5,N/A,33,N/A,2022
106,Samaje Perine,CIN,RB,27,14,2,0,0,0,0,0,85,373,4.39,2,46,34,264,7.76,4,0,0,6,N/A,N/A,100,133.7,139.7,116.7,N/A,34,N/A,2022
107,JuJu Smith-Schuster,KAN,WR,26,13,12,0,0,0,0,0,0,0,N/A,0,92,71,850,11.97,3,3,2,3,N/A,N/A,99,170.0,175.0,134.5,N/A,31,N/A,2022
108,Zach Wilson,NYJ,QB,23,9,9,132,242,1688,6,7,28,102,3.64,1,1,1,2,2.00,1,1,1,2,N/A,N/A,98,98.9,112.9,105.4,N/A,31,N/A,2022
109,Chris Godwin,TAM,WR,26,12,11,0,0,0,0,0,3,5,1.67,0,116,81,785,9.69,3,0,0,3,N/A,N/A,97,178.0,181.0,137.5,N/A,32,N/A,2022
110,Carson Wentz,WAS,QB,30,6,6,144,232,1489,10,6,19,79,4.16,0,0,0,0,N/A,0,6,1,0,N/A,2,97,97.5,107.5,103.5,N/A,32,N/A,2022
111,Breece Hall,NYJ,RB,21,7,2,0,0,0,0,0,80,463,5.79,4,31,19,218,11.47,1,1,1,5,N/A,N/A,96,115.1,122.1,105.6,N/A,36,N/A,2022
112,Latavius Murray,2TM,RB,32,10,4,0,0,0,0,0,136,567,4.17,5,25,21,95,4.52,0,0,0,5,N/A,N/A,96,117.2,120.2,106.7,N/A,35,N/A,2022
113,Michael Pittman Jr.,IND,WR,25,13,13,0,0,0,0,0,2,30,15.00,0,121,86,815,9.48,2,2,1,2,N/A,N/A,95,180.5,184.5,137.5,N/A,33,N/A,2022
114,Baker Mayfield,2TM,QB,27,9,7,153,262,1654,8,7,21,63,3.00,1,0,0,0,N/A,0,7,1,1,N/A,N/A,94,94.5,105.5,101.5,N/A,33,N/A,2022
115,Donovan Peoples-Jones,CLE,WR,23,14,12,0,0,0,0,0,1,2,2.00,0,84,57,782,13.72,2,1,1,3,N/A,N/A,94,151.4,155.4,122.9,N/A,34,N/A,2022
116,D'Onta Foreman,CAR,RB,26,14,7,0,0,0,0,0,157,646,4.11,4,9,5,26,5.20,0,1,0,4,1,N/A,93,98.2,101.2,95.7,N/A,37,N/A,2022
117,Allen Lazard ,GNB,WR,27,12,12,0,0,0,0,0,0,0,N/A,0,77,46,627,13.63,5,0,0,5,N/A,N/A,93,138.7,141.7,115.7,N/A,36,N/A,2022
118,Mike Williams,LAC,WR,28,10,10,0,0,0,0,0,0,0,N/A,0,74,48,693,14.44,4,0,0,4,N/A,N/A,93,141.3,144.3,117.3,N/A,35,N/A,2022
119,Mack Hollins,LVR,WR,29,14,13,1,1,4,0,0,4,40,10.00,0,85,51,628,12.31,4,0,0,4,N/A,N/A,91,142.0,145.0,116.5,N/A,37,N/A,2022
120,Isiah Pacheco,KAN,RB,22,14,8,0,0,0,0,0,139,677,4.87,3,10,10,80,8.00,0,4,2,3,N/A,N/A,90,99.7,104.7,94.7,N/A,38,N/A,2022
121,Josh Palmer,LAC,WR,24,13,10,0,0,0,0,0,1,4,4.00,0,97,66,714,10.82,3,1,0,3,N/A,N/A,90,155.8,158.8,122.8,N/A,38,N/A,2022
122,Brian Robinson Jr.,WAS,RB,23,10,8,0,0,0,0,0,159,652,4.10,2,10,9,60,6.67,1,2,0,3,N/A,N/A,89,98.2,101.2,93.7,N/A,39,N/A,2022
123,DeAndre Hopkins,ARI,WR,30,8,8,0,0,0,0,0,0,0,N/A,0,86,63,713,11.32,3,2,1,3,N/A,N/A,87,150.3,154.3,118.8,N/A,39,N/A,2022
124,Kareem Hunt,CLE,RB,27,14,0,0,0,0,0,0,110,447,4.06,3,36,28,182,6.50,1,1,0,4,N/A,N/A,87,114.9,120.9,100.9,N/A,40,N/A,2022
125,George Pickens,PIT,WR,21,14,9,0,0,0,0,0,3,24,8.00,1,69,42,643,15.31,2,0,0,3,1,N/A,87,128.7,131.7,107.7,N/A,40,N/A,2022
126,Michael Carter,NYJ,RB,23,14,9,0,0,0,0,0,110,396,3.60,3,48,37,284,7.68,0,2,1,3,N/A,N/A,84,121.0,128.0,102.5,N/A,41,N/A,2022
127,Drake London,ATL,WR,21,14,12,0,0,0,0,0,0,0,N/A,0,92,54,603,11.17,4,2,2,4,1,N/A,82,136.3,141.3,109.3,N/A,41,N/A,2022
128,Clyde Edwards-Helaire,KAN,RB,23,10,6,0,0,0,0,0,71,302,4.25,3,23,17,151,8.88,3,0,0,6,N/A,N/A,81,98.3,104.3,89.8,N/A,42,N/A,2022
129,Devin Duvernay*,BAL,WR,25,14,13,0,0,0,0,0,12,84,7.00,1,49,37,407,11.00,3,1,0,5,N/A,N/A,79,116.1,119.1,97.6,N/A,42,N/A,2022
130,Diontae Johnson,PIT,WR,26,14,14,0,0,0,0,0,7,25,3.57,0,123,77,745,9.68,0,1,0,0,1,N/A,79,156.0,159.0,117.5,N/A,43,N/A,2022
131,Jakobi Meyers,NWE,WR,26,11,10,0,0,0,0,0,2,-11,-5.50,0,73,52,640,12.31,3,2,2,3,1,N/A,79,130.9,135.9,104.9,N/A,44,N/A,2022
132,James Robinson,2TM,RB,24,11,5,0,0,0,0,0,110,425,3.86,3,14,11,51,4.64,2,1,0,5,N/A,N/A,78,88.6,91.6,83.1,N/A,43,N/A,2022
133,Marquise Brown,ARI,WR,25,9,9,0,0,0,0,0,0,0,N/A,0,88,57,584,10.25,3,1,0,3,N/A,N/A,76,133.4,136.4,104.9,N/A,45,N/A,2022
134,Isaiah McKenzie,BUF,WR,27,13,7,0,0,0,0,0,8,49,6.13,1,60,40,404,10.10,4,0,0,5,N/A,N/A,75,115.3,118.3,95.3,N/A,46,N/A,2022
135,Darius Slayton,NYG,WR,25,13,9,0,0,0,0,0,0,0,N/A,0,62,40,631,15.78,2,1,0,2,N/A,N/A,75,115.1,118.1,95.1,N/A,48,N/A,2022
136,Courtland Sutton,DEN,WR,27,12,12,0,0,0,0,0,1,5,5.00,0,89,52,688,13.23,1,0,0,1,N/A,N/A,75,127.3,130.3,101.3,N/A,47,N/A,2022
137,Marquez Valdes-Scantling,KAN,WR,28,14,9,0,0,0,0,0,1,-3,-3.00,0,66,37,632,17.08,2,0,0,2,N/A,N/A,75,111.9,114.9,93.4,N/A,49,N/A,2022
138,Mitchell Trubisky,PIT,QB,28,7,5,117,180,1252,4,5,19,38,2.00,2,0,0,0,N/A,0,0,0,2,N/A,1,74,73.9,81.9,78.9,N/A,34,N/A,2022
139,Kenyan Drake,BAL,RB,28,11,5,0,0,0,0,0,93,422,4.54,3,21,15,70,4.67,1,1,0,4,N/A,N/A,73,88.2,91.2,80.7,N/A,44,N/A,2022
140,Parris Campbell,IND,WR,25,14,13,0,0,0,0,0,3,31,10.33,0,71,52,510,9.81,3,0,0,3,N/A,N/A,72,124.1,127.1,98.1,N/A,50,N/A,2022
141,Rachaad White,TAM,RB,23,14,5,0,0,0,0,0,107,408,3.81,1,49,41,247,6.02,1,3,3,2,N/A,N/A,72,112.5,121.5,92.0,N/A,45,N/A,2022
142,Jahan Dotson,WAS,WR,22,9,7,0,0,0,0,0,2,-7,-3.50,0,41,23,338,14.70,6,0,0,6,1,N/A,71,94.1,97.1,82.6,N/A,51,N/A,2022
143,Cam Akers,LAR,RB,23,12,6,0,0,0,0,0,125,441,3.53,4,11,7,54,7.71,0,2,2,4,N/A,N/A,70,76.5,81.5,73.0,N/A,46,N/A,2022
144,David Njoku,CLE,TE,26,11,11,0,0,0,0,0,2,-8,-4.00,0,67,51,551,10.80,3,1,1,3,N/A,N/A,70,121.3,125.3,95.8,N/A,12,N/A,2022
145,K.J. Osborn,MIN,WR,25,14,9,0,0,0,0,0,3,6,2.00,0,73,45,457,10.16,4,0,0,4,N/A,N/A,70,115.3,118.3,92.8,N/A,52,N/A,2022
146,Noah Brown,DAL,WR,26,13,11,0,0,0,0,0,0,0,N/A,0,62,40,533,13.33,3,1,1,3,N/A,N/A,69,109.3,113.3,89.3,N/A,53,N/A,2022
147,Zach Ertz,ARI,TE,32,10,10,0,0,0,0,0,0,0,N/A,0,69,47,406,8.64,4,0,0,4,2,N/A,69,115.6,118.6,92.1,N/A,13,N/A,2022
148,Mecole Hardman,KAN,WR,24,8,5,0,0,0,0,0,4,31,7.75,2,34,25,297,11.88,4,1,0,6,N/A,N/A,69,93.8,96.8,81.3,N/A,54,N/A,2022
149,Gerald Everett,LAC,TE,28,13,9,0,0,0,0,0,1,0,0.00,0,79,52,532,10.23,2,0,0,2,1,N/A,67,119.2,122.2,93.2,N/A,14,N/A,2022
150,Tyler Conklin,NYJ,TE,27,15,14,0,0,0,0,0,2,3,1.50,0,77,50,459,9.18,3,2,0,3,N/A,N/A,64,114.2,117.2,89.2,N/A,15,N/A,2022
151,Damien Harris,NWE,RB,25,9,8,0,0,0,0,0,84,383,4.56,3,16,13,75,5.77,0,0,0,3,N/A,N/A,64,76.8,79.8,70.3,N/A,47,N/A,2022
152,DeAndre Carter,LAC,WR,29,14,7,0,0,0,0,0,2,-15,-7.50,0,57,41,481,11.73,3,1,1,3,N/A,N/A,63,103.6,107.6,83.1,N/A,57,N/A,2022
153,James Cook,BUF,RB,23,14,0,0,0,0,0,0,69,363,5.26,1,28,18,165,9.17,1,1,1,2,N/A,N/A,63,80.8,87.8,71.8,N/A,48,N/A,2022
154,Marquise Goodwin,SEA,WR,32,12,1,0,0,0,0,0,2,5,2.50,0,38,27,387,14.33,4,0,0,4,N/A,N/A,63,90.2,93.2,76.7,N/A,55,N/A,2022
155,Alec Pierce,IND,WR,22,13,10,0,0,0,0,0,0,0,N/A,0,65,32,510,15.94,2,1,0,2,N/A,N/A,63,95.0,98.0,79.0,N/A,56,N/A,2022
156,Eno Benjamin,2TM,RB,23,12,3,0,0,0,0,0,73,300,4.11,2,33,24,184,7.67,0,0,0,2,1,N/A,62,86.4,92.4,74.4,N/A,49,N/A,2022
157,Melvin Gordon,DEN,RB,29,10,6,0,0,0,0,0,90,318,3.53,2,32,25,223,8.92,0,5,2,2,N/A,N/A,62,87.1,95.1,74.6,N/A,50,N/A,2022
158,Marvin Jones,JAX,WR,32,14,9,0,0,0,0,0,0,0,N/A,0,68,38,439,11.55,3,0,0,3,N/A,N/A,62,99.9,102.9,80.9,N/A,58,N/A,2022
159,Darnell Mooney,CHI,WR,25,12,12,0,0,0,0,0,1,2,2.00,0,61,40,493,12.33,2,0,0,2,N/A,N/A,62,101.5,104.5,81.5,N/A,59,N/A,2022
160,Chris Moore,HOU,WR,29,13,4,0,0,0,0,0,2,5,2.50,0,59,41,480,11.71,2,0,0,2,N/A,N/A,61,101.5,104.5,81.0,N/A,61,N/A,2022
161,Josh Reynolds,DET,WR,27,11,10,0,0,0,0,0,0,0,N/A,0,52,34,427,12.56,3,0,0,3,N/A,N/A,61,94.7,97.7,77.7,N/A,60,N/A,2022
162,Dalton Schultz,DAL,TE,26,12,12,0,0,0,0,0,0,0,N/A,0,66,43,445,10.35,3,1,1,3,N/A,N/A,61,103.5,107.5,82.0,N/A,16,N/A,2022
163,Nico Collins,HOU,WR,23,10,7,0,0,0,0,0,0,0,N/A,0,66,37,481,13.00,2,0,0,2,N/A,N/A,60,97.1,100.1,78.6,N/A,62,N/A,2022
164,Keenan Allen,LAC,WR,30,7,7,0,0,0,0,0,0,0,N/A,0,58,42,486,11.57,2,1,1,2,N/A,N/A,59,100.6,104.6,79.6,N/A,65,N/A,2022
165,Brandin Cooks,HOU,WR,29,10,10,0,0,0,0,0,2,7,3.50,0,71,44,520,11.82,1,0,0,1,N/A,N/A,59,102.7,105.7,80.7,N/A,64,N/A,2022
166,Corey Davis,NYJ,WR,27,11,8,0,0,0,0,0,0,0,N/A,0,55,28,474,16.93,2,0,0,2,N/A,N/A,59,87.4,90.4,73.4,N/A,63,N/A,2022
167,J.K. Dobbins,BAL,RB,24,6,6,0,0,0,0,0,63,368,5.84,2,7,7,42,6.00,1,0,0,3,N/A,N/A,59,66.0,69.0,62.5,N/A,51,N/A,2022
168,Noah Fant,SEA,TE,25,14,13,0,0,0,0,0,0,0,N/A,0,53,42,414,9.86,3,0,0,3,N/A,N/A,59,101.4,104.4,80.4,N/A,17,N/A,2022
169,Olamide Zaccheaus,ATL,WR,25,14,10,0,0,0,0,0,2,7,3.50,0,47,32,478,14.94,2,1,1,2,N/A,N/A,59,90.5,94.5,74.5,N/A,66,N/A,2022
170,Darrell Henderson,LAR,RB,25,10,7,0,0,0,0,0,70,283,4.04,3,22,17,102,6.00,0,0,0,3,N/A,N/A,57,73.5,79.5,65.0,N/A,52,N/A,2022
171,Cooper Rush,DAL,QB,29,8,5,94,161,1051,5,3,9,6,0.67,0,0,0,0,N/A,0,2,0,0,N/A,N/A,57,56.6,62.6,59.6,N/A,35,N/A,2022
172,Chase Claypool,2TM,WR,24,13,11,1,1,1,1,0,9,59,6.56,0,72,44,422,9.59,1,1,1,1,N/A,N/A,56,100.1,104.1,78.1,N/A,68,N/A,2022
173,Dontrell Hilliard,TEN,RB,27,12,1,0,0,0,0,0,22,145,6.59,0,26,21,177,8.43,4,0,0,4,N/A,N/A,56,77.2,83.2,66.7,N/A,53,N/A,2022
174,Rashid Shaheed,NOR,WR,24,9,3,0,0,0,0,0,3,50,16.67,1,19,15,334,22.27,2,1,0,3,N/A,N/A,56,71.4,74.4,63.9,N/A,67,N/A,2022
175,Russell Gage,TAM,WR,26,10,4,0,0,0,0,0,0,0,N/A,0,55,40,313,7.83,4,1,1,4,1,N/A,55,95.3,99.3,75.3,N/A,69,N/A,2022
176,Nick Westbrook-Ikhine,TEN,WR,25,14,11,0,0,0,0,0,0,0,N/A,0,43,22,370,16.82,3,0,0,3,N/A,N/A,55,77.0,80.0,66.0,N/A,70,N/A,2022
177,Romeo Doubs,GNB,WR,22,10,7,0,0,0,0,0,1,11,11.00,0,55,36,369,10.25,3,2,1,3,N/A,N/A,54,90.0,94.0,72.0,N/A,71,N/A,2022
178,Hunter Henry,NWE,TE,28,14,11,0,0,0,0,0,0,0,N/A,0,46,30,415,13.83,2,0,0,2,N/A,N/A,54,83.5,86.5,68.5,N/A,19,N/A,2022
179,Tyler Higbee,LAR,TE,29,14,14,0,0,0,0,0,0,0,N/A,0,86,56,482,8.61,1,0,0,1,N/A,N/A,54,110.2,113.2,82.2,N/A,18,N/A,2022
180,Kenneth Gainwell,PHI,RB,23,14,0,0,0,0,0,0,44,188,4.27,4,22,16,104,6.50,0,0,0,4,N/A,N/A,53,69.2,75.2,61.2,N/A,54,N/A,2022
181,Richie James,NYG,WR,27,14,4,0,0,0,0,0,2,6,3.00,0,52,42,403,9.60,3,3,3,3,N/A,N/A,53,94.9,100.9,73.9,N/A,72,N/A,2022
182,Brock Purdy,SFO,QB,23,6,2,62,93,678,6,2,15,3,0.20,1,0,0,0,N/A,0,0,0,1,N/A,N/A,53,53.4,58.4,55.4,N/A,36,N/A,2022
183,Mike White,NYJ,QB,27,3,3,80,129,952,3,2,6,9,1.50,1,0,0,0,N/A,0,1,0,1,N/A,N/A,53,53.0,58.0,55.0,N/A,37,N/A,2022
184,Michael Gallup,DAL,WR,26,11,8,0,0,0,0,0,0,0,N/A,0,57,31,339,10.94,3,0,0,3,N/A,N/A,52,82.9,85.9,67.4,N/A,74,N/A,2022
185,Hayden Hurst,CIN,TE,29,12,12,0,0,0,0,0,0,0,N/A,0,63,48,400,8.33,2,0,0,2,N/A,N/A,52,100.0,103.0,76.0,N/A,20,N/A,2022
186,Chigoziem Okonkwo,TEN,TE,23,14,6,0,0,0,0,0,3,2,0.67,0,36,25,374,14.96,2,0,0,2,1,N/A,52,76.6,79.6,64.1,N/A,21,N/A,2022
187,DeVante Parker,NWE,WR,29,12,10,0,0,0,0,0,0,0,N/A,0,40,25,460,18.40,1,0,0,1,N/A,N/A,52,77.0,80.0,64.5,N/A,73,N/A,2022
188,Kalif Raymond,DET,WR,28,14,6,0,0,0,0,0,5,24,4.80,0,54,39,454,11.64,0,3,1,1,N/A,N/A,52,90.8,94.8,71.3,N/A,76,N/A,2022
189,Allen Robinson,LAR,WR,29,10,10,0,0,0,0,0,0,0,N/A,0,52,33,339,10.27,3,0,0,3,N/A,N/A,52,84.9,87.9,68.4,N/A,75,N/A,2022
190,Jordan Akins,HOU,TE,30,12,2,0,0,0,0,0,0,0,N/A,0,40,28,348,12.43,3,1,1,3,N/A,N/A,51,78.8,82.8,64.8,N/A,24,N/A,2022
191,Will Dissly,SEA,TE,26,14,14,0,0,0,0,0,0,0,N/A,0,37,33,330,10.00,3,0,0,3,N/A,N/A,51,84.0,87.0,67.5,N/A,23,N/A,2022
192,Mike Gesicki,MIA,TE,27,14,1,0,0,0,0,0,0,0,N/A,0,40,25,274,10.96,4,0,0,4,N/A,N/A,51,76.4,79.4,63.9,N/A,22,N/A,2022
193,DJ Chark,DET,WR,26,8,7,0,0,0,0,0,0,0,N/A,0,39,21,324,15.43,3,0,0,3,N/A,N/A,50,71.4,74.4,60.9,N/A,77,N/A,2022
194,Austin Hooper,TEN,TE,28,14,2,0,0,0,0,0,0,0,N/A,0,47,34,380,11.18,2,0,0,2,N/A,N/A,50,84.0,87.0,67.0,N/A,25,N/A,2022
195,Treylon Burks,TEN,WR,22,8,4,0,0,0,0,0,2,12,6.00,0,37,25,359,14.36,1,0,0,2,N/A,N/A,49,74.1,77.1,61.6,N/A,78,N/A,2022
196,Alexander Mattison,MIN,RB,24,14,0,0,0,0,0,0,52,174,3.35,3,16,13,78,6.00,1,0,0,4,N/A,N/A,49,62.2,65.2,55.7,N/A,55,N/A,2022
197,Gus Edwards,BAL,RB,27,6,3,0,0,0,0,0,69,316,4.58,3,2,0,0,N/A,0,1,1,3,N/A,N/A,48,47.6,51.6,47.6,N/A,59,N/A,2022
198,Chuba Hubbard,CAR,RB,23,12,1,0,0,0,0,0,59,260,4.41,2,13,11,118,10.73,0,1,1,2,N/A,N/A,48,58.8,65.8,53.3,N/A,58,N/A,2022
199,Elijah Moore,NYJ,WR,22,14,8,0,0,0,0,0,5,5,1.00,0,62,34,417,12.26,1,0,0,1,N/A,N/A,48,82.2,85.2,65.2,N/A,79,N/A,2022
200,Cade Otton,TAM,TE,23,13,8,0,0,0,0,0,0,0,N/A,0,51,37,357,9.65,2,0,0,2,N/A,N/A,48,84.7,87.7,66.2,N/A,26,N/A,2022
201,Rashaad Penny,SEA,RB,26,5,5,0,0,0,0,0,57,346,6.07,2,5,4,16,4.00,0,1,0,2,N/A,N/A,48,52.2,55.2,50.2,N/A,56,N/A,2022
202,Kyle Pitts,ATL,TE,22,10,10,0,0,0,0,0,0,0,N/A,0,59,28,356,12.71,2,0,0,2,N/A,N/A,48,75.6,78.6,61.6,N/A,27,N/A,2022
203,Trent Sherfield,MIA,WR,26,14,3,0,0,0,0,0,0,0,N/A,0,43,26,362,13.92,2,0,0,2,N/A,N/A,48,74.2,77.2,61.2,N/A,80,N/A,2022
204,Jaylen Warren,PIT,RB,24,13,0,0,0,0,0,0,53,244,4.60,1,24,21,178,8.48,0,1,0,1,N/A,N/A,48,69.2,75.2,58.7,N/A,57,N/A,2022
205,Quez Watkins,PHI,WR,24,14,7,0,0,0,0,0,3,1,0.33,0,41,30,321,10.70,3,1,1,3,N/A,N/A,48,78.2,82.2,63.2,N/A,81,N/A,2022
206,Jamal Agnew,JAX,WR,27,13,0,0,0,0,0,0,10,92,9.20,0,28,21,175,8.33,3,0,0,3,1,N/A,47,67.7,70.7,57.2,N/A,83,N/A,2022
207,Rondale Moore,ARI,WR,22,8,8,0,0,0,0,0,6,-5,-0.83,0,56,41,414,10.10,1,0,0,1,N/A,N/A,47,87.9,90.9,67.4,N/A,82,N/A,2022
208,Terrace Marshall Jr.,CAR,WR,22,11,7,0,0,0,0,0,0,0,N/A,0,38,22,397,18.05,1,0,0,1,N/A,N/A,46,67.7,70.7,56.7,N/A,86,N/A,2022
209,Demarcus Robinson,BAL,WR,28,14,4,0,0,0,0,0,0,0,N/A,0,62,44,419,9.52,1,2,1,1,N/A,N/A,46,89.9,93.9,67.9,N/A,84,N/A,2022
210,Robert Woods,TEN,WR,30,14,12,0,0,0,0,0,0,0,N/A,0,72,40,418,10.45,1,1,1,1,N/A,N/A,46,85.8,89.8,65.8,N/A,85,N/A,2022
211,Ben Skowronek,LAR,WR,25,14,11,0,0,0,0,0,1,17,17.00,1,61,39,376,9.64,0,0,0,1,N/A,N/A,45,84.3,87.3,64.8,N/A,87,N/A,2022
212,Nelson Agholor,NWE,WR,29,13,6,0,0,0,0,0,0,0,N/A,0,51,31,362,11.68,2,2,2,2,N/A,N/A,44,75.2,80.2,59.7,N/A,88,N/A,2022
213,Randall Cobb,GNB,WR,32,10,2,0,0,0,0,0,0,0,N/A,0,44,29,381,13.14,1,1,0,1,N/A,N/A,44,73.1,76.1,58.6,N/A,89,N/A,2022
214,Julio Jones,TAM,WR,33,8,3,0,0,0,0,0,4,32,8.00,0,39,22,284,12.91,2,0,0,2,N/A,N/A,44,65.6,68.6,54.6,N/A,90,N/A,2022
215,Foster Moreau,LVR,TE,25,12,11,0,0,0,0,0,0,2,N/A,0,47,27,336,12.44,2,1,1,2,N/A,N/A,44,70.8,74.8,57.3,N/A,28,N/A,2022
216,Robert Tonyan,GNB,TE,28,14,3,0,0,0,0,0,0,0,N/A,0,58,46,376,8.17,1,0,0,1,N/A,N/A,44,89.6,92.6,66.6,N/A,29,N/A,2022
217,Jameis Winston,NOR,QB,28,3,3,73,115,858,4,5,5,16,3.20,0,0,0,0,N/A,0,3,0,0,N/A,1,44,43.9,51.9,48.9,N/A,38,N/A,2022
218,Greg Dortch,ARI,WR,24,13,2,0,0,0,0,0,2,4,2.00,0,39,34,324,9.53,2,1,1,2,N/A,N/A,43,76.8,80.8,59.8,N/A,91,N/A,2022
219,Greg Dulcich,DEN,TE,22,9,5,0,0,0,0,0,0,0,N/A,0,47,29,372,12.83,1,0,0,1,N/A,N/A,43,72.2,75.2,57.7,N/A,30,N/A,2022
220,Joe Flacco,NYJ,QB,37,4,3,92,158,902,5,3,3,6,2.00,0,0,0,0,N/A,0,5,4,0,N/A,N/A,43,42.7,52.7,45.7,N/A,39,N/A,2022
221,Caleb Huntley,ATL,RB,24,12,0,0,0,0,0,0,76,366,4.82,1,2,2,3,1.50,0,1,0,1,N/A,N/A,43,44.9,47.9,43.9,N/A,60,N/A,2022
222,Sam Darnold,CAR,QB,25,3,3,39,66,509,3,0,9,35,3.89,1,0,0,0,N/A,0,1,0,1,N/A,N/A,42,41.9,44.9,41.9,N/A,40,N/A,2022
223,Deon Jackson,IND,RB,23,13,2,0,0,0,0,0,57,191,3.35,1,23,21,125,5.95,1,1,1,2,N/A,N/A,42,62.6,69.6,52.1,N/A,61,N/A,2022
224,Jelani Woods,IND,TE,24,12,0,0,0,0,0,0,0,0,N/A,0,27,18,241,13.39,3,1,0,3,N/A,N/A,42,60.1,63.1,51.1,N/A,31,N/A,2022
225,Chase Edmonds,2TM,RB,26,10,2,0,0,0,0,0,46,135,2.93,2,19,11,96,8.73,1,0,0,3,N/A,N/A,41,52.1,55.1,46.6,N/A,62,N/A,2022
226,Equanimeous St. Brown,CHI,WR,26,14,14,0,0,0,0,0,6,54,9.00,0,34,18,300,16.67,1,1,0,1,N/A,N/A,41,59.4,62.4,50.4,N/A,92,N/A,2022
227,Jauan Jennings,SFO,WR,25,13,2,0,0,0,0,0,0,0,N/A,0,48,30,339,11.30,1,1,0,1,N/A,N/A,40,69.9,72.9,54.9,N/A,93,N/A,2022
228,Joshua Kelley,LAC,RB,25,10,1,0,0,0,0,0,46,191,4.15,2,18,11,85,7.73,0,0,0,2,N/A,N/A,40,50.6,53.6,45.1,N/A,63,N/A,2022
229,Rashod Bateman,BAL,WR,23,6,5,0,0,0,0,0,0,0,N/A,0,28,15,285,19.00,2,1,1,2,N/A,N/A,39,53.5,57.5,46.0,N/A,95,N/A,2022
230,Noah Gray,KAN,TE,23,14,7,0,0,0,0,0,1,1,1.00,1,31,25,265,10.60,1,0,0,2,N/A,N/A,39,63.6,66.6,51.1,N/A,32,N/A,2022
231,Van Jefferson,LAR,WR,26,8,6,0,0,0,0,0,0,0,N/A,0,29,15,212,14.13,3,0,0,3,N/A,N/A,39,54.2,57.2,46.7,N/A,94,N/A,2022
232,Zonovan Knight,NYJ,RB,21,5,4,0,0,0,0,0,65,251,3.86,1,11,11,83,7.55,0,1,0,1,N/A,N/A,39,50.4,53.4,44.9,N/A,64,N/A,2022
233,P.J. Walker,CAR,QB,27,6,5,63,106,731,3,3,6,39,6.50,0,0,0,0,N/A,0,0,0,0,N/A,N/A,39,39.1,45.1,42.1,N/A,41,N/A,2022
234,Bailey Zappe,NWE,QB,23,4,2,65,92,781,5,3,10,0,0.00,0,1,1,-6,-6.00,0,4,3,0,N/A,N/A,39,39.6,48.6,42.1,N/A,42,N/A,2022
235,Daniel Bellinger,NYG,TE,22,10,9,0,0,0,0,0,1,2,2.00,1,30,25,199,7.96,2,0,0,3,N/A,N/A,38,63.1,66.1,50.6,N/A,33,N/A,2022
236,Jamycal Hasty,JAX,RB,26,15,0,0,0,0,0,0,33,156,4.73,1,19,14,103,7.36,1,0,0,2,N/A,N/A,38,51.9,57.9,44.9,N/A,66,N/A,2022
237,Nyheim Hines,2TM,RB,26,14,5,0,0,0,0,0,23,31,1.35,1,35,29,232,8.00,1,1,0,2,N/A,N/A,38,67.3,70.3,52.8,N/A,65,N/A,2022
238,Isaiah Hodgins,2TM,WR,24,8,4,0,0,0,0,0,0,0,N/A,0,31,25,261,10.44,2,1,1,2,1,N/A,38,63.1,67.1,50.6,N/A,96,N/A,2022
239,Justin Jackson,DET,RB,26,14,0,0,0,0,0,0,40,169,4.23,1,17,11,90,8.18,1,0,0,2,N/A,N/A,38,48.9,51.9,43.4,N/A,67,N/A,2022
240,Laviska Shenault Jr.,CAR,WR,24,10,1,0,0,0,0,0,7,57,8.14,1,25,21,198,9.43,1,0,0,2,N/A,N/A,38,58.5,61.5,48.0,N/A,97,N/A,2022
241,Braxton Berrios,NYJ,WR,27,15,2,1,1,2,1,0,9,91,10.11,2,31,17,121,7.12,0,1,0,2,N/A,N/A,37,54.3,57.3,45.8,N/A,98,N/A,2022
242,Isaiah Likely,BAL,TE,22,13,1,0,0,0,0,0,0,0,N/A,0,40,24,254,10.58,2,0,0,2,N/A,N/A,37,61.4,64.4,49.4,N/A,34,N/A,2022
243,Dante Pettis,CHI,WR,27,14,5,0,0,0,0,0,2,37,18.50,0,29,15,215,14.33,2,1,0,2,N/A,N/A,37,52.2,55.2,44.7,N/A,99,N/A,2022
244,Damiere Byrd,ATL,WR,29,11,3,0,0,0,0,0,0,0,N/A,0,18,10,241,24.10,2,0,0,2,N/A,N/A,36,46.1,49.1,41.1,N/A,100,N/A,2022
245,Jarvis Landry,NOR,WR,30,9,3,0,0,0,0,0,0,0,N/A,0,39,25,272,10.88,1,1,0,1,1,N/A,35,60.2,63.2,47.7,N/A,101,N/A,2022
246,Michael Thomas,NOR,WR,29,3,3,0,0,0,0,0,0,0,N/A,0,22,16,171,10.69,3,0,0,3,N/A,N/A,35,51.1,54.1,43.1,N/A,102,N/A,2022
247,Mark Ingram,NOR,RB,33,10,3,0,0,0,0,0,62,233,3.76,1,18,16,68,4.25,0,2,2,1,1,N/A,34,50.1,55.1,42.1,N/A,68,N/A,2022
248,Darren Waller,LVR,TE,30,6,5,0,0,0,0,0,0,0,N/A,0,27,19,223,11.74,2,0,0,2,N/A,N/A,34,53.3,56.3,43.8,N/A,35,N/A,2022
249,Deshaun Watson,CLE,QB,27,3,3,56,92,568,2,2,19,76,4.00,0,0,0,0,N/A,0,0,0,0,N/A,N/A,34,34.3,39.3,36.3,N/A,43,N/A,2022
250,Justin Watson,KAN,WR,26,14,4,0,0,0,0,0,0,0,N/A,0,26,13,221,17.00,2,0,0,2,N/A,N/A,34,47.1,50.1,40.6,N/A,103,N/A,2022
251,Tutu Atwell,LAR,WR,23,10,2,0,0,0,0,0,8,23,2.88,0,25,12,247,20.58,1,0,0,1,N/A,N/A,33,45.0,48.0,39.0,N/A,105,N/A,2022
252,Rex Burkhead,HOU,RB,32,13,0,0,1,0,0,0,26,80,3.08,0,42,31,186,6.00,1,0,0,1,N/A,N/A,33,63.6,66.6,48.1,N/A,69,N/A,2022
253,Colt McCoy,ARI,QB,36,4,3,90,132,780,1,3,14,36,2.57,0,0,0,0,N/A,0,2,0,0,N/A,N/A,33,32.8,38.8,35.8,N/A,44,N/A,2022
254,Tre'Quan Smith,NOR,WR,26,12,4,0,0,0,0,0,0,0,N/A,0,26,18,272,15.11,1,0,0,1,N/A,N/A,33,51.2,54.2,42.2,N/A,104,N/A,2022
255,C.J. Uzomah,NYJ,TE,29,14,12,0,0,0,0,0,0,0,N/A,0,20,18,208,11.56,2,0,0,2,N/A,N/A,33,50.8,53.8,41.8,N/A,36,N/A,2022
256,Kendall Hinton,DEN,WR,25,11,5,0,0,0,0,0,1,13,13.00,0,31,24,311,12.96,0,0,0,0,N/A,N/A,32,56.4,59.4,44.4,N/A,106,N/A,2022
257,Robbie Anderson,2TM,WR,29,14,6,0,0,0,0,0,0,0,N/A,0,43,19,269,14.16,1,1,1,1,N/A,N/A,31,49.9,53.9,40.4,N/A,107,N/A,2022
258,Trenton Irwin,CIN,WR,27,7,2,0,0,0,0,0,1,11,11.00,0,17,11,174,15.82,2,0,0,2,N/A,N/A,31,41.5,44.5,36.0,N/A,108,N/A,2022
259,Kyle Juszczyk*,SFO,RB,31,13,10,0,0,0,0,0,5,14,2.80,1,22,18,174,9.67,1,0,0,2,N/A,N/A,31,48.8,51.8,39.8,N/A,70,N/A,2022
260,Brock Wright,DET,TE,24,14,7,0,0,0,0,0,0,0,N/A,0,18,14,192,13.71,2,0,0,2,N/A,N/A,31,45.2,48.2,38.2,N/A,37,N/A,2022
261,Kylen Granson,IND,TE,24,13,4,0,0,0,0,0,1,0,0.00,0,40,31,302,9.74,0,1,0,0,N/A,N/A,30,61.2,64.2,45.7,N/A,38,N/A,2022
262,Tyquan Thornton,NWE,WR,22,10,6,0,0,0,0,0,3,16,5.33,1,33,17,166,9.76,1,0,0,2,N/A,N/A,30,47.2,50.2,38.7,N/A,109,N/A,2022
263,Teddy Bridgewater,MIA,QB,30,4,1,37,60,522,3,3,2,21,10.50,0,0,0,0,N/A,0,0,0,0,N/A,N/A,29,29.0,35.0,32.0,N/A,45,N/A,2022
264,Peyton Hendershot,DAL,TE,23,14,2,0,0,0,0,0,1,2,2.00,1,15,11,103,9.36,2,1,0,3,N/A,N/A,29,39.5,42.5,34.0,N/A,40,N/A,2022
265,J.D. McKissic,WAS,RB,29,8,0,0,0,0,0,0,22,95,4.32,0,40,27,173,6.41,0,0,0,0,1,N/A,29,55.8,58.8,42.3,N/A,72,N/A,2022
266,Wan'Dale Robinson,NYG,WR,21,6,3,0,0,0,0,0,2,-1,-0.50,0,31,23,227,9.87,1,0,0,1,N/A,N/A,29,51.6,54.6,40.1,N/A,110,N/A,2022
267,Boston Scott,PHI,RB,27,12,2,0,0,0,0,0,43,157,3.65,2,5,5,15,3.00,0,0,0,2,N/A,N/A,29,34.2,37.2,31.7,N/A,71,N/A,2022
268,Irv Smith Jr.,MIN,TE,24,7,0,0,0,0,0,0,0,0,N/A,0,33,22,168,7.64,2,1,0,2,N/A,N/A,29,50.8,53.8,39.8,N/A,39,N/A,2022
269,Mo Alie-Cox,IND,TE,29,14,9,0,0,0,0,0,0,0,N/A,0,24,17,183,10.76,2,1,1,2,N/A,N/A,28,45.3,49.3,36.8,N/A,41,N/A,2022
270,Kendrick Bourne,NWE,WR,27,13,2,0,0,0,0,0,4,8,2.00,0,32,24,273,11.38,0,2,0,0,N/A,N/A,28,52.1,55.1,40.1,N/A,111,N/A,2022
271,Matt Breida,NYG,RB,27,14,0,0,0,0,0,0,39,124,3.18,1,16,12,98,8.17,0,0,0,1,N/A,N/A,28,40.2,43.2,34.2,N/A,73,N/A,2022
272,Dyami Brown,WAS,WR,23,12,0,0,0,0,0,0,1,15,15.00,0,14,5,143,28.60,2,0,0,2,N/A,N/A,28,32.8,35.8,30.3,N/A,112,N/A,2022
273,Ashton Dulin,IND,WR,25,10,2,0,0,0,0,0,2,8,4.00,0,22,15,207,13.80,1,0,0,1,N/A,N/A,28,42.5,45.5,35.0,N/A,114,N/A,2022
274,KhaDarel Hodge,ATL,WR,27,14,1,0,0,0,0,0,0,0,N/A,0,19,12,197,16.42,1,0,0,1,1,N/A,28,39.7,42.7,33.7,N/A,113,N/A,2022
275,Marlon Mack,2TM,RB,26,6,0,0,0,0,0,0,12,62,5.17,1,9,8,99,12.38,1,0,0,2,N/A,N/A,28,36.1,36.1,32.1,N/A,74,N/A,2022
276,Logan Thomas,WAS,TE,31,11,10,0,0,0,0,0,0,0,N/A,0,43,25,216,8.64,1,0,0,1,N/A,N/A,28,52.6,55.6,40.1,N/A,42,N/A,2022
277,Harrison Bryant,CLE,TE,24,14,6,0,0,0,0,0,1,8,8.00,0,37,27,200,7.41,1,0,0,1,N/A,N/A,27,53.8,56.8,40.3,N/A,43,N/A,2022
278,Travis Homer,SEA,RB,24,9,1,0,0,0,0,0,19,74,3.89,0,18,16,157,9.81,1,1,1,1,N/A,N/A,27,43.1,47.1,35.1,N/A,75,N/A,2022
279,Tyler Huntley,BAL,QB,24,4,2,52,74,413,0,2,25,87,3.48,1,0,0,0,N/A,0,2,0,1,N/A,N/A,27,27.2,32.2,29.2,N/A,46,N/A,2022
280,Ray-Ray McCloud,SFO,WR,26,14,2,0,0,0,0,0,3,7,2.33,0,22,13,201,15.46,1,2,0,1,N/A,N/A,27,39.8,42.8,33.3,N/A,115,N/A,2022
281,Raheem Blackshear,CAR,RB,23,10,1,0,0,0,0,0,19,73,3.84,2,10,8,82,10.25,0,1,1,2,N/A,N/A,26,33.5,34.5,29.5,N/A,78,N/A,2022
282,Phillip Dorsett,HOU,WR,29,13,4,0,1,0,0,0,0,0,N/A,0,31,14,198,14.14,1,0,0,1,N/A,N/A,26,39.8,42.8,32.8,N/A,116,N/A,2022
283,Jake Ferguson,DAL,TE,23,13,7,0,0,0,0,0,0,0,N/A,0,19,16,139,8.69,2,0,0,2,N/A,N/A,26,41.9,44.9,33.9,N/A,45,N/A,2022
284,Justice Hill,BAL,RB,25,12,0,0,0,0,0,0,42,228,5.43,0,11,11,54,4.91,0,2,1,0,N/A,N/A,26,37.2,41.2,31.7,N/A,76,N/A,2022
285,Josh Oliver,BAL,TE,25,14,6,0,0,0,0,0,0,0,N/A,0,20,13,143,11.00,2,0,0,2,N/A,N/A,26,39.3,42.3,32.8,N/A,44,N/A,2022
286,Javonte Williams,DEN,RB,22,4,4,0,0,0,0,0,47,204,4.34,0,22,16,76,4.75,0,1,1,0,N/A,N/A,26,42.0,46.0,34.0,N/A,77,N/A,2022
287,Ameer Abdullah,LVR,RB,29,14,0,0,0,0,0,0,4,20,5.00,0,28,22,174,7.91,1,0,0,1,N/A,N/A,25,47.4,50.4,36.4,N/A,79,N/A,2022
288,Colby Parkinson,SEA,TE,23,14,0,0,0,0,0,0,0,0,N/A,0,20,15,194,12.93,1,0,0,1,N/A,N/A,25,40.4,43.4,32.9,N/A,46,N/A,2022
289,MyCole Pruitt,ATL,TE,30,10,4,0,0,0,0,0,0,0,N/A,0,11,9,67,7.44,3,0,0,3,N/A,N/A,25,33.7,33.7,29.2,N/A,47,N/A,2022
290,Shi Smith,CAR,WR,24,14,5,0,0,0,0,0,0,0,N/A,0,34,17,209,12.29,1,3,1,1,N/A,N/A,25,41.9,45.9,33.4,N/A,117,N/A,2022
291,O.J. Howard,HOU,TE,28,12,9,0,0,0,0,0,0,0,N/A,0,21,9,119,13.22,2,0,0,2,N/A,N/A,24,32.9,35.9,28.4,N/A,48,N/A,2022
292,Alec Ingold,MIA,RB,26,14,12,0,0,0,0,0,6,8,1.33,1,20,15,105,7.00,1,0,0,2,N/A,N/A,23,38.3,41.3,30.8,N/A,80,N/A,2022
293,Ty Johnson,NYJ,RB,25,15,0,0,0,0,0,0,17,102,6.00,1,16,9,64,7.11,0,0,0,1,N/A,N/A,23,31.6,34.6,27.1,N/A,82,N/A,2022
294,Elijah Mitchell,SFO,RB,24,4,1,0,0,0,0,0,40,224,5.60,0,4,3,7,2.33,0,0,0,0,N/A,N/A,23,26.1,29.1,24.6,N/A,81,N/A,2022
295,Jonnu Smith,NWE,TE,27,13,7,0,0,0,0,0,1,5,5.00,0,34,24,224,9.33,0,1,0,0,N/A,N/A,23,46.9,49.9,34.9,N/A,50,N/A,2022
296,Adam Trautman,NOR,TE,25,12,9,0,0,0,0,0,0,0,N/A,0,20,16,173,10.81,1,0,0,1,N/A,N/A,23,39.3,42.3,31.3,N/A,49,N/A,2022
297,Marquez Callaway,NOR,WR,24,12,3,0,0,0,0,0,0,0,N/A,0,31,16,158,9.88,1,0,0,1,N/A,N/A,22,37.8,40.8,29.8,N/A,118,N/A,2022
298,River Cracraft,MIA,WR,28,9,0,0,0,0,0,0,0,0,N/A,0,13,8,97,12.13,2,0,0,2,N/A,N/A,22,29.7,29.7,25.7,N/A,119,N/A,2022
299,Jordan Mason,SFO,RB,23,13,0,0,0,0,0,0,33,217,6.58,0,0,0,0,N/A,0,0,0,0,N/A,N/A,22,21.7,24.7,21.7,N/A,84,N/A,2022
300,Byron Pringle,CHI,WR,29,8,1,0,0,0,0,0,0,0,N/A,0,9,7,96,13.71,2,0,0,2,N/A,N/A,22,28.6,28.6,25.1,N/A,120,N/A,2022
301,Craig Reynolds,DET,RB,26,8,0,0,0,0,0,0,23,102,4.43,0,10,9,116,12.89,0,0,0,0,N/A,N/A,22,30.8,36.8,26.3,N/A,83,N/A,2022
302,Tommy Tremble,CAR,TE,22,14,4,0,0,0,0,0,0,0,N/A,0,26,13,121,9.31,2,1,1,2,N/A,N/A,22,35.1,39.1,28.6,N/A,51,N/A,2022
303,Jody Fortson,KAN,TE,27,13,1,0,0,0,0,0,0,0,N/A,0,13,9,108,12.00,2,1,1,2,N/A,N/A,21,29.8,33.8,25.3,N/A,52,N/A,2022
304,A.J. Green,ARI,WR,34,12,8,0,0,0,0,0,0,0,N/A,0,40,19,128,6.74,1,0,0,1,1,N/A,21,39.8,42.8,30.3,N/A,122,N/A,2022
305,Zack Moss,2TM,RB,25,10,0,0,0,0,0,0,48,203,4.23,0,9,7,27,3.86,0,1,1,0,N/A,N/A,21,28.0,32.0,24.5,N/A,85,N/A,2022
306,Sterling Shepard,NYG,WR,29,3,2,0,0,0,0,0,0,0,N/A,0,24,13,154,11.85,1,0,0,1,N/A,N/A,21,34.4,37.4,27.9,N/A,121,N/A,2022
307,Sammy Watkins,GNB,WR,29,9,3,0,0,0,0,0,0,0,N/A,0,22,13,206,15.85,0,0,0,0,N/A,N/A,21,33.6,36.6,27.1,N/A,123,N/A,2022
308,David Bell,CLE,WR,22,13,3,0,0,0,0,0,0,0,N/A,0,31,23,196,8.52,0,0,0,0,N/A,N/A,20,42.6,45.6,31.1,N/A,125,N/A,2022
309,Mike Boone,DEN,RB,27,9,0,0,0,0,0,0,24,102,4.25,0,15,9,96,10.67,0,0,0,0,N/A,N/A,20,28.8,31.8,24.3,N/A,87,N/A,2022
310,Keelan Cole,LVR,WR,29,11,3,0,0,0,0,0,0,0,N/A,0,18,9,136,15.11,1,1,0,1,N/A,N/A,20,28.6,31.6,24.1,N/A,126,N/A,2022
311,Malik Davis,DAL,RB,24,9,0,0,0,0,0,0,23,103,4.48,1,5,4,40,10.00,0,0,0,1,N/A,N/A,20,24.3,27.3,22.3,N/A,86,N/A,2022
312,Dare Ogunbowale,HOU,RB,28,14,2,0,0,0,0,0,16,41,2.56,1,17,13,95,7.31,0,0,0,1,N/A,N/A,20,32.6,32.6,26.1,N/A,88,N/A,2022
313,Zach Pascal,PHI,WR,28,14,1,0,0,0,0,0,1,0,0.00,0,18,14,144,10.29,1,0,0,1,N/A,N/A,20,34.4,37.4,27.4,N/A,124,N/A,2022
314,Brandon Powell,LAR,WR,27,14,3,0,0,0,0,0,13,56,4.31,0,24,19,139,7.32,0,1,0,0,N/A,N/A,20,38.5,41.5,29.0,N/A,127,N/A,2022
315,Tevin Coleman,SFO,RB,29,5,0,0,0,0,0,0,12,26,2.17,1,3,3,44,14.67,1,0,0,2,N/A,N/A,19,22.0,22.0,20.5,N/A,90,N/A,2022
316,KJ Hamler,DEN,WR,23,7,0,0,0,0,0,0,2,23,11.50,0,14,7,165,23.57,0,0,0,0,N/A,N/A,19,25.8,28.8,22.3,N/A,129,N/A,2022
317,Scott Miller,TAM,WR,25,12,1,0,0,0,0,0,1,8,8.00,0,37,22,177,8.05,0,0,0,0,N/A,N/A,19,40.5,43.5,29.5,N/A,133,N/A,2022
318,Denzel Mims,NYJ,WR,25,8,4,0,0,0,0,0,0,0,N/A,0,24,11,186,16.91,0,0,0,0,N/A,N/A,19,29.6,32.6,24.1,N/A,131,N/A,2022
319,Hunter Renfrow,LVR,WR,27,7,1,0,0,0,0,0,0,0,N/A,0,32,22,206,9.36,0,3,1,0,N/A,N/A,19,40.6,44.6,29.6,N/A,132,N/A,2022
320,Khalil Shakir,BUF,WR,22,12,2,0,0,0,0,0,0,0,N/A,0,17,8,128,16.00,1,0,0,1,N/A,N/A,19,26.8,29.8,22.8,N/A,130,N/A,2022
321,Durham Smythe,MIA,TE,27,13,12,0,0,0,0,0,2,1,0.50,1,13,10,73,7.30,1,0,0,2,N/A,N/A,19,29.4,29.4,24.4,N/A,53,N/A,2022
322,Pierre Strong,NWE,RB,24,12,0,0,0,0,0,0,10,100,10.00,1,5,5,32,6.40,0,0,0,1,N/A,N/A,19,24.2,27.2,21.7,N/A,89,N/A,2022
323,Kadarius Toney,2TM,WR,23,6,2,0,0,0,0,0,4,56,14.00,0,12,9,74,8.22,1,0,0,1,N/A,N/A,19,28.0,28.0,23.5,N/A,128,N/A,2022
324,Kyren Williams,LAR,RB,22,7,0,0,0,0,0,0,27,115,4.26,0,11,8,73,9.13,0,0,0,0,N/A,N/A,19,26.8,29.8,22.8,N/A,91,N/A,2022
325,Skyy Moore,KAN,WR,22,14,3,0,0,0,0,0,3,24,8.00,0,28,18,212,11.78,0,3,3,0,N/A,N/A,18,35.6,41.6,26.6,N/A,134,N/A,2022
326,Johnny Mundt,MIN,TE,28,14,10,0,0,0,0,0,0,0,N/A,0,20,18,124,6.89,1,0,0,1,N/A,N/A,18,36.4,39.4,27.4,N/A,54,N/A,2022
327,Brett Rypien,DEN,QB,26,3,2,49,80,438,2,3,6,7,1.17,0,0,0,0,N/A,0,4,1,0,N/A,N/A,18,18.2,25.2,21.2,N/A,47,N/A,2022
328,Eric Saubert,DEN,TE,28,14,5,0,0,0,0,0,0,0,N/A,0,21,12,118,9.83,1,0,0,1,N/A,N/A,18,29.8,32.8,23.8,N/A,55,N/A,2022
329,Ian Thomas,CAR,TE,26,14,14,0,0,0,0,0,0,0,N/A,0,26,19,176,9.26,0,0,0,0,N/A,N/A,18,36.6,39.6,27.1,N/A,56,N/A,2022
330,John Bates,WAS,TE,25,13,6,0,0,0,0,0,0,0,N/A,0,22,14,108,7.71,1,1,0,1,N/A,N/A,17,30.8,33.8,23.8,N/A,58,N/A,2022
331,Cameron Brate,TAM,TE,31,9,1,0,0,0,0,0,0,0,N/A,0,38,20,174,8.70,0,0,0,0,N/A,N/A,17,37.4,40.4,27.4,N/A,57,N/A,2022
332,Gary Brightwell,NYG,RB,23,14,0,0,0,0,0,0,14,73,5.21,1,5,4,36,9.00,0,0,0,1,N/A,N/A,17,20.9,20.9,18.9,N/A,93,N/A,2022
333,Ross Dwelley,SFO,TE,27,12,0,0,0,0,0,0,0,0,N/A,0,5,3,105,35.00,1,0,0,1,N/A,N/A,17,19.5,22.5,18.0,N/A,60,N/A,2022
334,Connor Heyward,PIT,TE,23,14,0,0,0,0,0,0,0,0,N/A,0,10,9,106,11.78,1,0,0,1,N/A,N/A,17,25.6,28.6,21.1,N/A,59,N/A,2022
335,Jalen Reagor,MIN,WR,23,14,0,0,0,0,0,0,3,20,6.67,0,11,6,87,14.50,1,3,0,1,N/A,N/A,17,22.7,22.7,19.7,N/A,135,N/A,2022
336,Benny Snell Jr.,PIT,RB,24,14,0,0,0,0,0,0,20,90,4.50,1,2,2,17,8.50,0,0,0,1,N/A,N/A,17,18.7,18.7,17.7,N/A,94,N/A,2022
337,Darrel Williams,ARI,RB,27,6,0,0,0,0,0,0,21,102,4.86,1,8,4,9,2.25,0,0,0,1,N/A,N/A,17,21.1,24.1,19.1,N/A,92,N/A,2022
338,Kyle Allen,HOU,QB,26,2,2,46,78,416,2,4,6,13,2.17,0,0,0,0,N/A,0,4,1,0,N/A,N/A,16,15.9,23.9,19.9,N/A,48,N/A,2022
339,C.J. Ham,MIN,RB,29,14,3,0,0,0,0,0,4,7,1.75,2,7,5,34,6.80,0,0,0,2,N/A,N/A,16,21.1,21.1,18.6,N/A,95,N/A,2022
340,Sony Michel,LAC,RB,27,10,0,0,0,0,0,0,36,106,2.94,0,13,9,53,5.89,0,0,0,0,N/A,N/A,16,24.9,27.9,20.4,N/A,96,N/A,2022
341,Bryce Perkins,LAR,QB,26,4,1,19,34,161,1,2,18,92,5.11,0,0,0,0,N/A,0,0,0,0,N/A,N/A,16,15.6,17.6,17.6,N/A,49,N/A,2022
342,Amari Rodgers,2TM,WR,23,13,1,0,0,0,0,0,1,3,3.00,0,17,10,133,13.30,1,5,2,1,N/A,N/A,16,25.6,30.6,20.6,N/A,136,N/A,2022
343,Mitchell Wilcox,CIN,TE,26,14,3,0,0,0,0,0,0,0,N/A,0,12,11,104,9.45,1,0,0,1,N/A,N/A,16,27.4,30.4,21.9,N/A,61,N/A,2022
344,Brandon Bolden,LVR,RB,32,13,0,0,0,0,0,0,8,34,4.25,0,9,9,57,6.33,1,0,0,1,N/A,N/A,15,24.1,24.1,19.6,N/A,97,N/A,2022
345,N'Keal Harry,CHI,WR,25,4,0,0,0,0,0,0,0,0,N/A,0,6,5,93,18.60,1,0,0,1,N/A,N/A,15,20.3,20.3,17.8,N/A,137,N/A,2022
346,Teagan Quitoriano,HOU,TE,22,7,5,0,0,0,0,0,0,0,N/A,0,9,4,30,7.50,2,0,0,2,N/A,N/A,15,19.0,19.0,17.0,N/A,62,N/A,2022
347,Anthony Schwartz,CLE,WR,22,11,1,0,0,0,0,0,4,57,14.25,1,10,4,51,12.75,0,1,1,1,N/A,N/A,15,18.8,19.8,16.8,N/A,138,N/A,2022
348,John Wolford,LAR,QB,27,3,3,38,62,390,1,3,8,32,4.00,0,0,0,0,N/A,0,3,1,0,N/A,N/A,15,14.8,21.8,17.8,N/A,50,N/A,2022
349,Dan Arnold,JAX,TE,27,15,0,0,0,0,0,0,0,0,N/A,0,12,9,135,15.00,0,0,0,0,N/A,N/A,14,22.5,25.5,18.0,N/A,65,N/A,2022
350,Sam Ehlinger,IND,QB,24,2,2,32,52,304,0,1,11,54,4.91,0,0,0,0,N/A,0,1,1,0,N/A,N/A,14,13.6,18.6,14.6,N/A,51,N/A,2022
351,Zander Horvath,LAC,RB,24,14,2,0,0,0,0,0,4,8,2.00,0,8,5,8,1.60,2,0,0,2,N/A,N/A,14,18.6,18.6,16.1,N/A,98,N/A,2022
352,Keaontay Ingram,ARI,RB,23,9,0,0,0,0,0,0,23,53,2.30,1,2,2,23,11.50,0,0,0,1,N/A,N/A,14,15.6,15.6,14.6,N/A,99,N/A,2022
353,Tom Kennedy,DET,WR,26,7,1,0,0,0,0,0,0,0,N/A,0,15,8,141,17.63,0,0,0,0,N/A,N/A,14,22.1,25.1,18.1,N/A,141,N/A,2022
354,Ko Kieft,TAM,TE,24,14,10,0,0,0,0,0,0,0,N/A,0,9,7,80,11.43,1,0,0,1,N/A,N/A,14,21.0,21.0,17.5,N/A,63,N/A,2022
355,Eric Tomlinson,DEN,TE,30,14,10,0,0,0,0,0,0,0,N/A,0,12,8,76,9.50,1,0,0,1,N/A,N/A,14,21.6,21.6,17.6,N/A,64,N/A,2022
356,Samori Toure,GNB,WR,24,8,2,0,0,0,0,0,0,0,N/A,0,10,5,82,16.40,1,1,0,1,N/A,N/A,14,19.2,19.2,16.7,N/A,140,N/A,2022
357,Cedrick Wilson Jr.,MIA,WR,27,13,0,0,0,0,0,0,1,8,8.00,0,18,12,136,11.33,0,0,0,0,N/A,N/A,14,26.4,29.4,20.4,N/A,139,N/A,2022
358,DeeJay Dallas,SEA,RB,24,12,0,0,1,0,0,1,24,104,4.33,0,8,7,42,6.00,0,1,0,0,N/A,N/A,13,19.6,23.6,17.1,N/A,100,N/A,2022
359,Tanner Hudson,NYG,TE,28,11,0,0,0,0,0,0,0,0,N/A,0,15,10,132,13.20,0,0,0,0,N/A,N/A,13,23.2,26.2,18.2,N/A,66,N/A,2022
360,DeSean Jackson,BAL,WR,36,5,1,0,0,0,0,0,0,0,N/A,0,13,7,134,19.14,0,0,0,0,N/A,N/A,13,20.4,23.4,16.9,N/A,142,N/A,2022
361,Trey McBride,ARI,TE,23,13,10,0,0,0,0,0,0,0,N/A,0,22,16,129,8.06,0,1,0,0,N/A,N/A,13,28.9,31.9,20.9,N/A,67,N/A,2022
362,Chris Myarick,NYG,TE,27,14,8,0,0,0,0,0,0,0,N/A,0,8,7,65,9.29,1,0,0,1,N/A,N/A,13,19.5,19.5,16.0,N/A,68,N/A,2022
363,Breshad Perriman,TAM,WR,29,10,3,0,0,0,0,0,2,-7,-3.50,0,17,8,101,12.63,1,2,1,1,N/A,N/A,13,21.4,25.4,17.4,N/A,143,N/A,2022
364,Jeff Smith,NYJ,WR,25,11,0,0,0,0,0,0,0,0,N/A,0,11,8,134,16.75,0,0,0,0,N/A,N/A,13,21.4,24.4,17.4,N/A,144,N/A,2022
365,Salvon Ahmed,MIA,RB,24,9,0,0,0,0,0,0,11,57,5.18,1,0,0,0,N/A,0,0,0,1,N/A,N/A,12,11.7,11.7,11.7,N/A,101,N/A,2022
366,Pharaoh Brown,2TM,TE,28,13,7,0,0,0,0,0,0,0,N/A,0,20,12,117,9.75,0,0,0,0,N/A,N/A,12,23.7,26.7,17.7,N/A,73,N/A,2022
367,Jeff Driskel,HOU,TE,29,4,1,6,10,46,1,0,13,59,4.54,0,0,0,0,N/A,0,0,0,0,N/A,N/A,12,11.7,11.7,11.7,N/A,72,N/A,2022
368,Reggie Gilliam,BUF,RB,25,13,3,0,0,0,0,0,0,0,N/A,0,9,7,57,8.14,1,0,0,1,N/A,N/A,12,18.7,18.7,15.2,N/A,102,N/A,2022
369,Trey Lance,SFO,QB,22,2,2,15,31,194,0,1,16,67,4.19,0,0,0,0,N/A,0,1,0,0,N/A,N/A,12,12.5,13.5,13.5,N/A,52,N/A,2022
370,James Mitchell,DET,TE,23,11,0,0,0,0,0,0,0,0,N/A,0,7,7,60,8.57,1,0,0,1,N/A,N/A,12,19.0,19.0,15.5,N/A,71,N/A,2022
371,Quintin Morris,BUF,TE,23,12,1,0,0,0,0,0,0,0,N/A,0,11,8,84,10.50,1,1,1,1,N/A,N/A,12,20.4,21.4,16.4,N/A,69,N/A,2022
372,Steven Sims,PIT,WR,25,9,1,0,0,0,0,0,12,54,4.50,0,18,10,63,6.30,0,2,0,0,N/A,N/A,12,21.7,21.7,16.7,N/A,145,N/A,2022
373,Jack Stoll,PHI,TE,24,14,10,0,0,0,0,0,0,0,N/A,0,14,11,123,11.18,0,0,0,0,N/A,N/A,12,23.3,26.3,17.8,N/A,70,N/A,2022
374,Jalen Virgil,DEN,WR,24,6,1,0,0,0,0,0,0,0,N/A,0,4,2,75,37.50,1,1,1,1,N/A,N/A,12,13.5,14.5,12.5,N/A,146,N/A,2022
375,Lawrence Cager,2TM,TE,25,6,3,0,0,0,0,0,0,0,N/A,0,9,5,49,9.80,1,0,0,1,N/A,N/A,11,15.9,15.9,13.4,N/A,76,N/A,2022
376,Josiah Deguara,GNB,TE,25,14,1,0,0,0,0,0,0,0,N/A,0,13,11,106,9.64,0,0,0,0,N/A,N/A,11,21.6,24.6,16.1,N/A,78,N/A,2022
377,Zach Gentry,PIT,TE,26,14,11,0,0,0,0,0,0,0,N/A,0,21,17,108,6.35,0,0,0,0,N/A,N/A,11,27.8,30.8,19.3,N/A,77,N/A,2022
378,Kevin Harris,NWE,RB,22,4,1,0,0,0,0,0,17,49,2.88,1,0,0,0,N/A,0,0,0,1,N/A,N/A,11,10.9,10.9,10.9,N/A,103,N/A,2022
379,Marcedes Lewis,GNB,TE,38,14,14,0,0,0,0,0,0,0,N/A,0,5,4,34,8.50,1,0,0,1,1,N/A,11,15.4,15.4,13.4,N/A,74,N/A,2022
380,Jordan Love,GNB,QB,24,3,0,12,18,186,1,0,0,0,N/A,0,0,0,0,N/A,0,0,0,0,N/A,N/A,11,11.4,11.4,11.4,N/A,53,N/A,2022
381,David Sills,NYG,WR,26,9,5,0,0,0,0,0,0,0,N/A,0,17,11,106,9.64,0,0,0,0,N/A,N/A,11,21.6,24.6,16.1,N/A,147,N/A,2022
382,Geoff Swaim,TEN,TE,29,14,11,0,0,0,0,0,0,0,N/A,0,13,9,50,5.56,1,0,0,1,N/A,N/A,11,20.0,20.0,15.5,N/A,75,N/A,2022
383,Tyrod Taylor,NYG,QB,33,2,0,6,8,58,1,1,5,70,14.00,0,0,0,0,N/A,0,2,1,0,N/A,1,11,11.3,13.3,12.3,N/A,54,N/A,2022
384,Chris Evans,CIN,RB,25,12,0,0,0,0,0,0,0,0,N/A,0,4,3,38,12.67,1,0,0,1,N/A,N/A,10,12.8,12.8,11.3,N/A,104,N/A,2022
385,Darrynton Evans,CHI,RB,24,5,0,0,0,0,0,0,14,64,4.57,0,1,1,33,33.00,0,0,0,0,N/A,N/A,10,10.7,10.7,10.2,N/A,105,N/A,2022
386,Brandon Johnson,DEN,WR,24,5,1,0,0,0,0,0,0,0,N/A,0,14,6,42,7.00,1,0,0,1,N/A,N/A,10,16.2,16.2,13.2,N/A,148,N/A,2022
387,Dax Milne,WAS,WR,23,12,1,0,0,0,0,0,0,0,N/A,0,7,6,37,6.17,1,0,0,1,N/A,N/A,10,15.7,15.7,12.7,N/A,150,N/A,2022
388,Trevor Siemian,CHI,QB,31,2,1,15,26,184,1,1,4,8,2.00,0,0,0,0,N/A,0,0,0,0,N/A,N/A,10,10.2,11.2,11.2,N/A,55,N/A,2022
389,Jameson Williams,DET,WR,21,3,0,0,0,0,0,0,0,0,N/A,0,4,1,41,41.00,1,0,0,1,N/A,N/A,10,11.1,11.1,10.6,N/A,149,N/A,2022
390,Michael Bandy,LAC,WR,25,10,2,0,0,0,0,0,0,0,N/A,0,21,10,89,8.90,0,0,0,0,N/A,N/A,9,18.9,18.9,13.9,N/A,151,N/A,2022
391,Brevin Jordan,HOU,TE,22,8,2,0,0,0,0,0,0,0,N/A,0,23,11,87,7.91,0,0,0,0,N/A,N/A,9,19.7,19.7,14.2,N/A,81,N/A,2022
392,Phillip Lindsay,IND,RB,28,3,0,0,0,0,0,0,15,49,3.27,0,8,6,19,3.17,0,0,0,0,1,N/A,9,14.8,14.8,11.8,N/A,107,N/A,2022
393,Donald Parham,LAC,TE,25,3,0,0,0,0,0,0,0,0,N/A,0,7,6,88,14.67,0,0,0,0,N/A,N/A,9,14.8,14.8,11.8,N/A,79,N/A,2022
394,Patrick Ricard*,BAL,RB,28,14,13,0,0,0,0,0,7,16,2.29,0,13,11,74,6.73,0,0,0,0,N/A,N/A,9,20.0,20.0,14.5,N/A,106,N/A,2022
395,Armani Rogers,WAS,TE,25,10,3,0,0,0,0,0,1,24,24.00,0,6,5,64,12.80,0,0,0,0,N/A,N/A,9,13.8,13.8,11.3,N/A,80,N/A,2022
396,Chris Streveler,NYJ,QB,27,1,1,10,15,90,0,0,9,54,6.00,0,0,0,0,N/A,0,1,0,0,N/A,N/A,9,9.0,9.0,9.0,N/A,57,N/A,2022
397,Derek Watt,PIT,RB,30,14,3,0,0,0,0,0,6,17,2.83,0,5,5,11,2.20,1,0,0,1,N/A,N/A,9,13.8,13.8,11.3,N/A,108,N/A,2022
398,Malik Willis,TEN,QB,23,7,2,17,38,177,0,1,20,80,4.00,0,0,0,0,N/A,0,2,2,0,N/A,N/A,9,9.1,12.1,10.1,N/A,56,N/A,2022
399,Shane Zylstra,DET,TE,26,10,1,0,0,0,0,0,0,0,N/A,0,6,5,27,5.40,1,0,0,1,N/A,N/A,9,13.7,13.7,11.2,N/A,82,N/A,2022
400,Grant Calcaterra,PHI,TE,24,12,2,0,0,0,0,0,0,0,N/A,0,9,5,81,16.20,0,0,0,0,N/A,N/A,8,13.1,13.1,10.6,N/A,83,N/A,2022
401,Anthony Firkser,ATL,TE,27,8,1,0,0,0,0,0,0,0,N/A,0,9,6,79,13.17,0,0,0,0,N/A,N/A,8,13.9,13.9,10.9,N/A,84,N/A,2022
402,Parker Hesse,ATL,TE,27,14,4,0,0,0,0,0,0,0,N/A,0,9,7,75,10.71,0,0,0,0,N/A,N/A,8,14.5,14.5,11.0,N/A,85,N/A,2022
403,Velus Jones Jr.,CHI,WR,25,9,1,0,0,0,0,0,7,48,6.86,0,7,4,27,6.75,1,3,3,1,N/A,N/A,8,11.5,14.5,9.5,N/A,152,N/A,2022
404,Desmond Ridder,ATL,QB,23,1,1,13,26,97,0,0,6,38,6.33,0,0,0,0,N/A,0,0,0,0,N/A,N/A,8,7.7,7.7,7.7,N/A,58,N/A,2022
405,Jonathan Williams,WAS,RB,28,10,0,0,0,0,0,0,11,77,7.00,0,0,0,0,N/A,0,0,0,0,N/A,N/A,8,7.7,7.7,7.7,N/A,109,N/A,2022
406,Malcolm Brown,LAR,RB,29,8,0,0,0,0,0,0,15,39,2.60,0,5,4,35,8.75,0,0,0,0,N/A,N/A,7,11.4,11.4,9.4,N/A,110,N/A,2022
407,D'Wayne Eskridge,SEA,WR,25,10,0,0,0,0,0,0,2,10,5.00,0,13,7,58,8.29,0,0,0,0,N/A,N/A,7,13.8,13.8,10.3,N/A,156,N/A,2022
408,Ty Montgomery,NWE,WR,29,1,0,0,0,0,0,0,2,-2,-1.00,0,4,3,15,5.00,1,0,0,1,N/A,N/A,7,10.3,10.3,8.8,N/A,154,N/A,2022
409,Kene Nwangwu,MIN,RB,24,14,0,0,0,0,0,0,4,1,0.25,0,1,1,5,5.00,0,0,0,1,N/A,N/A,7,7.6,7.6,7.1,N/A,112,N/A,2022
410,Giovanni Ricci,CAR,RB,26,12,3,0,0,0,0,0,0,0,N/A,0,8,7,68,9.71,0,0,0,0,N/A,N/A,7,13.8,13.8,10.3,N/A,111,N/A,2022
411,Cam Sims,WAS,WR,26,14,3,0,0,0,0,0,0,0,N/A,0,16,7,73,10.43,0,0,0,0,N/A,N/A,7,14.3,14.3,10.8,N/A,155,N/A,2022
412,Kevin White,NOR,WR,30,7,2,0,0,0,0,0,0,0,N/A,0,5,2,74,37.00,0,0,0,0,N/A,N/A,7,9.4,9.4,8.4,N/A,153,N/A,2022
413,Zamir White,LVR,RB,23,13,0,0,0,0,0,0,16,66,4.13,0,0,0,0,N/A,0,0,0,0,N/A,N/A,7,6.6,6.6,6.6,N/A,113,N/A,2022
414,Andrew Beck,DEN,TE,26,10,4,0,0,0,0,0,2,0,0.00,0,7,3,59,19.67,0,0,0,0,N/A,N/A,6,8.9,8.9,7.4,N/A,87,N/A,2022
415,Jamison Crowder,BUF,WR,29,4,0,0,0,0,0,0,0,0,N/A,0,13,6,60,10.00,0,1,0,0,N/A,N/A,6,12.0,12.0,9.0,N/A,161,N/A,2022
416,Royce Freeman,HOU,RB,26,1,0,0,0,0,0,0,11,51,4.64,0,1,1,5,5.00,0,0,0,0,N/A,N/A,6,6.6,6.6,6.1,N/A,116,N/A,2022
417,Jalen Guyton,LAC,WR,25,3,0,0,0,0,0,0,0,0,N/A,0,4,2,64,32.00,0,0,0,0,N/A,N/A,6,8.4,8.4,7.4,N/A,157,N/A,2022
418,Hassan Haskins,TEN,RB,23,12,0,0,0,0,0,0,11,50,4.55,0,5,5,14,2.80,0,0,0,0,N/A,N/A,6,11.4,11.4,8.9,N/A,114,N/A,2022
419,Marcus Johnson,NYG,WR,28,11,4,0,0,0,0,0,0,0,N/A,0,16,6,63,10.50,0,0,0,0,N/A,N/A,6,12.3,12.3,9.3,N/A,159,N/A,2022
420,Tyler Kroft,SFO,TE,30,8,3,0,0,0,0,0,0,0,N/A,0,5,4,57,14.25,0,0,0,0,N/A,N/A,6,9.7,9.7,7.7,N/A,88,N/A,2022
421,Jake Kumerow,BUF,WR,30,6,1,0,0,0,0,0,0,0,N/A,0,7,4,64,16.00,0,0,0,0,N/A,N/A,6,10.4,10.4,8.4,N/A,158,N/A,2022
422,Tre' McKitty,LAC,TE,23,14,6,0,0,0,0,0,0,0,N/A,0,15,9,62,6.89,0,1,0,0,N/A,N/A,6,15.2,15.2,10.7,N/A,86,N/A,2022
423,Gunner Olszewski,PIT,WR,26,13,2,0,0,0,0,0,5,29,5.80,0,7,5,53,10.60,0,2,1,0,N/A,N/A,6,11.2,12.2,8.7,N/A,160,N/A,2022
424,Mike Strachan,IND,WR,25,10,0,0,0,0,0,0,0,0,N/A,0,8,3,59,19.67,0,0,0,0,N/A,N/A,6,8.9,8.9,7.4,N/A,162,N/A,2022
425,Trent Taylor,CIN,WR,28,14,1,0,0,0,0,0,4,15,3.75,0,10,6,62,10.33,0,2,1,0,N/A,N/A,6,11.7,12.7,8.7,N/A,164,N/A,2022
426,Mike Thomas,CIN,WR,28,10,2,0,0,0,0,0,0,0,N/A,0,10,2,38,19.00,0,0,0,0,1,N/A,6,7.8,7.8,6.8,N/A,163,N/A,2022
427,Trayveon Williams,CIN,RB,25,6,0,0,0,0,0,0,6,30,5.00,0,3,2,30,15.00,0,0,0,0,N/A,N/A,6,8.0,8.0,7.0,N/A,115,N/A,2022
428,Spencer Brown,CAR,RB,24,2,0,0,0,0,0,0,9,43,4.78,0,4,2,10,5.00,0,0,0,0,N/A,N/A,5,7.3,7.3,6.3,N/A,120,N/A,2022
429,Chris Conley,2TM,WR,30,6,0,0,0,0,0,0,0,0,N/A,0,7,4,46,11.50,0,0,0,0,N/A,N/A,5,8.6,8.6,6.6,N/A,167,N/A,2022
430,Myles Gaskin,MIA,RB,25,4,0,0,0,0,0,0,10,26,2.60,0,6,4,28,7.00,0,0,0,0,N/A,N/A,5,9.4,9.4,7.4,N/A,117,N/A,2022
431,Kenny Golladay,NYG,WR,29,9,3,0,0,0,0,0,0,0,N/A,0,10,4,51,12.75,0,0,0,0,N/A,N/A,5,9.1,9.1,7.1,N/A,166,N/A,2022
432,Cody Hollister,TEN,WR,29,11,3,0,0,0,0,0,0,0,N/A,0,5,3,54,18.00,0,0,0,0,N/A,N/A,5,8.4,8.4,6.9,N/A,165,N/A,2022
433,Tony Jones,2TM,RB,25,6,0,0,0,0,0,0,10,24,2.40,0,8,5,30,6.00,0,0,0,0,N/A,N/A,5,10.4,10.4,7.9,N/A,118,N/A,2022
434,Albert Okwuegbunam,DEN,TE,24,6,0,0,0,0,0,0,0,0,N/A,0,11,7,50,7.14,0,0,0,0,N/A,N/A,5,12.0,12.0,8.5,N/A,89,N/A,2022
435,Ronnie Rivers,LAR,RB,23,6,1,0,0,0,0,0,9,21,2.33,0,5,5,29,5.80,0,0,0,0,N/A,N/A,5,10.0,10.0,7.5,N/A,121,N/A,2022
436,Isaiah Spiller,LAC,RB,21,6,0,0,0,0,0,0,18,41,2.28,0,3,3,13,4.33,0,0,0,0,N/A,N/A,5,8.4,8.4,6.9,N/A,119,N/A,2022
437,Stephen Sullivan,CAR,TE,26,11,0,0,0,0,0,0,0,0,N/A,0,4,2,46,23.00,0,0,0,0,N/A,N/A,5,6.6,6.6,5.6,N/A,90,N/A,2022
438,Skylar Thompson,MIA,QB,25,5,1,28,53,278,0,2,10,14,1.40,0,0,0,0,N/A,0,2,2,0,N/A,N/A,5,4.5,8.5,6.5,N/A,59,N/A,2022
439,Dwayne Washington,NOR,RB,28,12,0,0,0,0,0,0,11,38,3.45,0,1,1,7,7.00,0,0,0,0,N/A,N/A,5,5.5,5.5,5.0,N/A,123,N/A,2022
440,Trevon Wesco,CHI,TE,27,12,1,0,0,0,0,0,0,0,N/A,0,4,2,26,13.00,0,0,0,0,1,N/A,5,6.6,6.6,5.6,N/A,91,N/A,2022
441,Jordan Wilkins,IND,RB,28,2,0,0,0,0,0,0,6,31,5.17,0,5,4,15,3.75,0,0,0,0,N/A,N/A,5,8.6,8.6,6.6,N/A,122,N/A,2022
442,Kendall Blanton,LAR,TE,27,4,0,0,0,0,0,0,0,0,N/A,0,2,2,35,17.50,0,0,0,0,N/A,N/A,4,5.5,5.5,4.5,N/A,94,N/A,2022
443,Tyrion Davis-Price,SFO,RB,22,3,0,0,0,0,0,0,16,37,2.31,0,2,0,0,N/A,0,0,0,0,N/A,N/A,4,3.7,3.7,3.7,N/A,127,N/A,2022
444,Trestan Ebner,CHI,RB,23,14,0,0,0,0,0,0,24,54,2.25,0,6,2,8,4.00,0,2,1,0,N/A,N/A,4,6.2,7.2,5.2,N/A,124,N/A,2022
445,Ronald Jones II,KAN,RB,25,3,0,0,0,0,0,0,5,18,3.60,0,1,1,22,22.00,0,0,0,0,N/A,N/A,4,5.0,5.0,4.5,N/A,126,N/A,2022
446,Chris Manhertz,JAX,TE,30,15,10,0,0,0,0,0,0,0,N/A,0,8,6,42,7.00,0,0,0,0,N/A,N/A,4,10.2,10.2,7.2,N/A,92,N/A,2022
447,Anthony McFarland Jr.,PIT,RB,23,1,0,0,0,0,0,0,6,30,5.00,0,2,2,11,5.50,0,0,0,0,N/A,N/A,4,6.1,6.1,5.1,N/A,125,N/A,2022
448,Trace McSorley,ARI,QB,27,4,0,15,29,166,0,3,5,34,6.80,0,0,0,0,N/A,0,0,0,0,N/A,N/A,4,4.0,7.0,7.0,N/A,60,N/A,2022
449,Kyle Philips,TEN,WR,23,4,0,0,0,0,0,0,0,0,N/A,0,13,8,78,9.75,0,2,2,0,N/A,N/A,4,11.8,13.8,7.8,N/A,169,N/A,2022
450,James Proche,BAL,WR,26,12,0,0,1,0,0,1,0,0,N/A,0,14,8,62,7.75,0,0,0,0,N/A,N/A,4,12.2,13.2,9.2,N/A,168,N/A,2022
451,Nick Vannett,2TM,TE,29,6,1,0,0,0,0,0,0,0,N/A,0,5,4,37,9.25,0,0,0,0,N/A,N/A,4,7.7,7.7,5.7,N/A,93,N/A,2022
452,Andre Baccellia,ARI,WR,25,6,0,0,0,0,0,0,0,0,N/A,0,7,5,32,6.40,0,0,0,0,N/A,N/A,3,8.2,8.2,5.7,N/A,170,N/A,2022
453,Daylen Baldwin,CLE,WR,23,1,0,0,0,0,0,0,0,0,N/A,0,2,2,25,12.50,0,0,0,0,N/A,N/A,3,4.5,4.5,3.5,N/A,177,N/A,2022
454,Cole Beasley,2TM,WR,33,3,1,0,0,0,0,0,0,0,N/A,0,6,5,26,5.20,0,0,0,0,N/A,N/A,3,7.6,7.6,5.1,N/A,175,N/A,2022
455,Corey Clement,ARI,RB,28,6,0,0,0,0,0,0,0,0,N/A,0,2,2,29,14.50,0,0,0,0,N/A,N/A,3,4.9,4.9,3.9,N/A,129,N/A,2022
456,Tyrie Cleveland,DEN,WR,25,6,0,0,0,0,0,0,0,0,N/A,0,7,2,28,14.00,0,0,0,0,N/A,N/A,3,4.8,4.8,3.8,N/A,172,N/A,2022
457,Snoop Conner,JAX,RB,22,6,0,0,0,0,0,0,7,25,3.57,0,0,0,0,N/A,0,0,0,0,N/A,N/A,3,2.5,2.5,2.5,N/A,130,N/A,2022
458,Jaelon Darden,TAM,WR,23,12,0,0,0,0,0,0,1,2,2.00,0,2,2,26,13.00,0,0,0,0,N/A,N/A,3,4.8,4.8,3.8,N/A,173,N/A,2022
459,Tyler Davis,GNB,TE,25,14,1,0,0,0,0,0,0,0,N/A,0,7,4,26,6.50,0,0,0,0,N/A,N/A,3,6.6,6.6,4.6,N/A,97,N/A,2022
460,Ben Ellefson,MIN,TE,26,4,1,0,0,0,0,0,0,0,N/A,0,3,3,26,8.67,0,0,0,0,N/A,N/A,3,5.6,5.6,4.1,N/A,98,N/A,2022
461,Luke Farrell,JAX,TE,25,15,0,0,0,0,0,0,0,0,N/A,0,3,3,29,9.67,0,0,0,0,N/A,N/A,3,5.9,5.9,4.4,N/A,96,N/A,2022
462,Brycen Hopkins,LAR,TE,25,11,0,0,0,0,0,0,0,0,N/A,0,6,3,31,10.33,0,0,0,0,N/A,N/A,3,6.1,6.1,4.6,N/A,95,N/A,2022
463,Tim Jones,JAX,WR,24,15,1,0,0,0,0,0,0,0,N/A,0,4,3,30,10.00,0,0,0,0,N/A,N/A,3,6.0,6.0,4.5,N/A,171,N/A,2022
464,Jalen Nailor,MIN,WR,23,12,0,0,0,0,0,0,0,0,N/A,0,5,2,28,14.00,0,0,0,0,N/A,N/A,3,4.8,4.8,3.8,N/A,174,N/A,2022
465,Jarrett Stidham,LVR,QB,26,3,0,8,13,72,0,0,0,0,N/A,0,0,0,0,N/A,0,0,0,0,N/A,N/A,3,2.9,2.9,2.9,N/A,61,N/A,2022
466,DJ Turner,LVR,WR,25,9,0,0,0,0,0,0,4,26,6.50,0,1,0,0,N/A,0,1,0,0,N/A,N/A,3,2.6,2.6,2.6,N/A,176,N/A,2022
467,Ke'Shawn Vaughn,TAM,RB,25,12,0,0,0,0,0,0,8,21,2.63,0,2,1,11,11.00,0,0,0,0,N/A,N/A,3,4.2,4.2,3.7,N/A,128,N/A,2022
468,Michael Burton,KAN,RB,30,14,0,0,0,0,0,0,5,7,1.40,0,3,2,11,5.50,0,0,0,0,N/A,N/A,2,3.8,3.8,2.8,N/A,136,N/A,2022
469,Quintez Cephus,DET,WR,24,4,1,0,0,0,0,0,0,0,N/A,0,3,2,15,7.50,0,0,0,0,N/A,N/A,2,3.5,3.5,2.5,N/A,189,N/A,2022
470,Julius Chestnut,TEN,RB,22,3,0,0,0,0,0,0,5,13,2.60,0,2,2,8,4.00,0,0,0,0,N/A,N/A,2,4.1,4.1,3.1,N/A,133,N/A,2022
471,Mike Davis,BAL,RB,29,8,0,0,0,0,0,0,8,18,2.25,0,2,2,4,2.00,0,1,0,0,N/A,N/A,2,4.2,4.2,3.2,N/A,132,N/A,2022
472,Bryan Edwards,ATL,WR,24,7,1,0,0,0,0,0,0,0,N/A,0,5,3,15,5.00,0,0,0,0,N/A,N/A,2,4.5,4.5,3.0,N/A,190,N/A,2022
473,Simi Fehoko,DAL,WR,25,5,0,0,0,0,0,0,0,0,N/A,0,4,3,24,8.00,0,0,0,0,N/A,N/A,2,5.4,5.4,3.9,N/A,178,N/A,2022
474,Ryan Griffin,CHI,TE,32,12,0,0,0,0,0,0,0,0,N/A,0,6,3,24,8.00,0,0,0,0,N/A,N/A,2,5.4,5.4,3.9,N/A,99,N/A,2022
475,Penny Hart,SEA,WR,26,8,0,0,0,0,0,0,0,0,N/A,0,2,2,18,9.00,0,0,0,0,N/A,N/A,2,3.8,3.8,2.8,N/A,184,N/A,2022
476,Jesper Horsted,LVR,TE,25,12,0,0,0,0,0,0,0,0,N/A,0,4,3,19,6.33,0,0,0,0,N/A,N/A,2,4.9,4.9,3.4,N/A,102,N/A,2022
477,Dennis Houston,DAL,WR,23,2,0,0,0,0,0,0,0,0,N/A,0,6,2,16,8.00,0,0,0,0,N/A,N/A,2,3.6,3.6,2.6,N/A,187,N/A,2022
478,Lil'Jordan Humphrey,NWE,WR,24,6,2,0,0,0,0,0,0,0,N/A,0,4,2,20,10.00,0,0,0,0,N/A,N/A,2,4.0,4.0,3.0,N/A,182,N/A,2022
479,Andy Isabella,ARI,WR,26,3,0,0,0,0,0,0,0,0,N/A,0,5,2,21,10.50,0,0,0,0,N/A,N/A,2,4.1,4.1,3.1,N/A,180,N/A,2022
480,D'Ernest Johnson,CLE,RB,26,12,0,0,0,0,0,0,4,17,4.25,0,3,3,7,2.33,0,0,0,0,N/A,N/A,2,5.4,5.4,3.9,N/A,131,N/A,2022
481,Keith Kirkwood,NOR,WR,28,2,1,0,0,0,0,0,0,0,N/A,0,2,2,18,9.00,0,0,0,0,N/A,N/A,2,3.8,3.8,2.8,N/A,185,N/A,2022
482,Nick Mullens,MIN,QB,27,2,0,6,8,51,0,0,0,0,N/A,0,0,0,0,N/A,0,0,0,0,N/A,N/A,2,2.0,2.0,2.0,N/A,62,N/A,2022
483,Dezmon Patmon,IND,WR,24,1,0,0,0,0,0,0,0,0,N/A,0,6,2,24,12.00,0,0,0,0,N/A,N/A,2,4.4,4.4,3.4,N/A,179,N/A,2022
484,Kyle Rudolph,TAM,TE,33,6,0,0,0,0,0,0,0,0,N/A,0,4,2,20,10.00,0,0,0,0,N/A,N/A,2,4.0,4.0,3.0,N/A,101,N/A,2022
485,Trey Sermon,PHI,RB,23,2,0,0,0,0,0,0,2,19,9.50,0,0,0,0,N/A,0,0,0,0,N/A,N/A,2,1.9,1.9,1.9,N/A,135,N/A,2022
486,Stone Smartt,LAC,TE,24,4,1,0,0,0,0,0,0,0,N/A,0,5,4,17,4.25,0,0,0,0,N/A,N/A,2,5.7,5.7,3.7,N/A,104,N/A,2022
487,J.J. Taylor,NWE,RB,24,1,0,0,0,0,0,0,10,9,0.90,0,1,1,8,8.00,0,0,0,0,N/A,N/A,2,2.7,2.7,2.2,N/A,137,N/A,2022
488,Patrick Taylor,GNB,RB,24,11,0,0,0,0,0,0,5,21,4.20,0,0,0,0,N/A,0,0,0,0,N/A,N/A,2,2.1,2.1,2.1,N/A,134,N/A,2022
489,Deven Thompkins,TAM,WR,23,2,0,0,0,0,0,0,1,9,9.00,0,1,1,7,7.00,0,1,0,0,N/A,N/A,2,2.6,2.6,2.1,N/A,188,N/A,2022
490,Cole Turner,WAS,TE,22,7,2,0,0,0,0,0,0,0,N/A,0,9,2,23,11.50,0,0,0,0,N/A,N/A,2,4.3,4.3,3.3,N/A,100,N/A,2022
491,Tylan Wallace,BAL,WR,23,8,0,0,0,0,0,0,0,0,N/A,0,6,3,21,7.00,0,0,0,0,N/A,N/A,2,5.1,5.1,3.6,N/A,181,N/A,2022
492,Maxx Williams,ARI,TE,28,8,0,0,0,0,0,0,0,0,N/A,0,3,3,18,6.00,0,0,0,0,N/A,N/A,2,4.8,4.8,3.3,N/A,103,N/A,2022
493,Juwann Winfree,GNB,WR,26,3,0,0,0,0,0,0,0,0,N/A,0,4,1,17,17.00,0,0,0,0,N/A,N/A,2,2.7,2.7,2.2,N/A,186,N/A,2022
494,Michael Woods II,CLE,WR,22,7,0,0,0,0,0,0,1,-5,-5.00,0,8,3,25,8.33,0,0,0,0,N/A,N/A,2,5.0,5.0,3.5,N/A,183,N/A,2022
495,Maurice Alexander,DET,WR,25,7,0,0,0,0,0,0,0,0,N/A,0,1,1,7,7.00,0,0,0,0,N/A,N/A,1,1.7,1.7,1.2,N/A,199,N/A,2022
496,Brandon Allen,CIN,QB,30,1,0,3,3,22,0,0,3,-1,-0.33,0,0,0,0,N/A,0,0,0,0,N/A,N/A,1,0.8,0.8,0.8,N/A,65,N/A,2022
497,Stephen Anderson,ARI,TE,29,14,0,0,0,0,0,0,0,0,N/A,0,5,3,9,3.00,0,0,0,0,N/A,N/A,1,3.9,3.9,2.4,N/A,106,N/A,2022
498,C.J. Board,TEN,WR,29,4,0,0,0,0,0,0,0,0,N/A,0,1,1,6,6.00,0,1,0,0,N/A,N/A,1,1.6,1.6,1.1,N/A,201,N/A,2022
499,Miles Boykin,PIT,WR,26,13,0,0,0,0,0,0,0,0,N/A,0,3,2,11,5.50,0,0,0,0,N/A,N/A,1,3.1,3.1,2.1,N/A,195,N/A,2022
500,Jalen Camp,HOU,WR,24,2,0,0,0,0,0,0,0,0,N/A,0,1,1,7,7.00,0,0,0,0,N/A,N/A,1,1.7,1.7,1.2,N/A,200,N/A,2022
501,Danny Gray,SFO,WR,23,10,0,0,0,0,0,0,0,0,N/A,0,7,1,10,10.00,0,0,0,0,N/A,N/A,1,2.0,2.0,1.5,N/A,196,N/A,2022
502,Troy Hairston,HOU,RB,24,13,4,0,0,0,0,0,0,0,N/A,0,5,3,12,4.00,0,0,0,0,N/A,N/A,1,4.2,4.2,2.7,N/A,138,N/A,2022
503,Jacob Harris,LAR,TE,25,7,0,0,0,0,0,0,0,0,N/A,0,1,1,6,6.00,0,0,0,0,N/A,N/A,1,1.6,1.6,1.1,N/A,108,N/A,2022
504,Kylin Hill,GNB,RB,24,2,0,0,0,0,0,0,1,7,7.00,0,0,0,0,N/A,0,0,0,0,N/A,N/A,1,0.7,0.7,0.7,N/A,140,N/A,2022
505,Brian Hoyer,NWE,QB,37,1,1,5,6,37,0,0,0,0,N/A,0,0,0,0,N/A,0,0,0,0,N/A,N/A,1,1.5,1.5,1.5,N/A,63,N/A,2022
506,Jakob Johnson,LVR,RB,28,14,7,0,0,0,0,0,0,0,N/A,0,5,4,7,1.75,0,0,0,0,N/A,N/A,1,4.7,4.7,2.7,N/A,141,N/A,2022
507,Josh Johnson,SFO,QB,36,1,0,1,2,10,0,0,2,3,1.50,0,0,0,0,N/A,0,0,0,0,N/A,N/A,1,0.7,0.7,0.7,N/A,66,N/A,2022
508,Tyron Johnson,2TM,WR,26,4,1,0,0,0,0,0,0,0,N/A,0,1,1,8,8.00,0,0,0,0,N/A,N/A,1,1.8,1.8,1.3,N/A,198,N/A,2022
509,Sean McKeon,DAL,TE,25,10,0,0,0,0,0,0,0,0,N/A,0,3,2,11,5.50,0,0,0,0,N/A,N/A,1,3.1,3.1,2.1,N/A,105,N/A,2022
510,Gardner Minshew II,PHI,QB,26,3,0,2,4,34,0,0,2,-2,-1.00,0,0,0,0,N/A,0,0,0,0,N/A,N/A,1,1.2,1.2,1.2,N/A,64,N/A,2022
511,Jason Moore,LAC,WR,27,6,0,0,0,0,0,0,0,0,N/A,0,2,1,5,5.00,0,0,0,0,N/A,N/A,1,1.5,1.5,1.0,N/A,203,N/A,2022
512,Devine Ozigbo,DEN,RB,26,4,0,0,0,0,0,0,3,4,1.33,0,1,1,3,3.00,0,0,0,0,N/A,N/A,1,1.7,1.7,1.2,N/A,142,N/A,2022
513,Adam Prentice,NOR,RB,25,8,1,0,0,0,0,0,1,2,2.00,0,2,2,5,2.50,0,1,0,0,N/A,N/A,1,2.7,2.7,1.7,N/A,143,N/A,2022
514,Mason Schreck,HOU,TE,29,3,1,0,0,0,0,0,0,0,N/A,0,2,2,6,3.00,0,0,0,0,N/A,N/A,1,2.6,2.6,1.6,N/A,109,N/A,2022
515,Keith Smith,ATL,RB,30,14,4,0,0,0,0,0,1,2,2.00,0,2,1,8,8.00,0,0,0,0,N/A,N/A,1,2.0,2.0,1.5,N/A,139,N/A,2022
516,Freddie Swain,2TM,WR,24,2,1,0,0,0,0,0,0,0,N/A,0,1,1,9,9.00,0,0,0,0,N/A,N/A,1,1.9,1.9,1.4,N/A,197,N/A,2022
517,Tommy Sweeney,BUF,TE,27,5,0,0,0,0,0,0,0,0,N/A,0,1,1,7,7.00,0,0,0,0,N/A,N/A,1,1.7,1.7,1.2,N/A,107,N/A,2022
518,Jalen Tolbert,DAL,WR,23,8,1,0,0,0,0,0,0,0,N/A,0,3,2,12,6.00,0,0,0,0,N/A,N/A,1,3.2,3.2,2.2,N/A,193,N/A,2022
519,Austin Trammell,LAR,WR,24,3,0,0,0,0,0,0,0,0,N/A,0,4,2,13,6.50,0,0,0,0,N/A,N/A,1,3.3,3.3,2.3,N/A,192,N/A,2022
520,KaVontae Turpin*,DAL,WR,26,14,0,0,0,0,0,0,3,17,5.67,0,2,1,9,9.00,0,2,1,0,N/A,N/A,1,1.6,2.6,1.1,N/A,202,N/A,2022
521,Montrell Washington,DEN,WR,23,14,1,0,0,0,0,0,5,30,6.00,0,9,4,2,0.50,0,5,1,0,N/A,N/A,1,5.2,6.2,3.2,N/A,194,N/A,2022
522,Nsimba Webster,CHI,WR,26,1,0,0,0,0,0,0,0,0,N/A,0,3,2,14,7.00,0,1,0,0,N/A,N/A,1,3.4,3.4,2.4,N/A,191,N/A,2022
523,Devin Asiasi,CIN,N/A,25,11,0,0,0,0,0,0,0,0,N/A,0,2,0,0,N/A,0,0,0,0,N/A,N/A,N/A,N/A,N/A,N/A,N/A,111,N/A,2022
524,C.J. Beathard,JAX,QB,29,3,0,2,3,6,0,0,4,-4,-1.00,0,0,0,0,N/A,0,0,0,0,N/A,N/A,N/A,-0.2,-0.2,-0.2,N/A,75,N/A,2022
525,Trinity Benson,DET,N/A,25,1,0,0,0,0,0,0,0,0,N/A,0,0,0,0,N/A,0,0,0,0,N/A,N/A,N/A,N/A,N/A,N/A,N/A,208,N/A,2022
526,Giovani Bernard,TAM,RB,31,5,0,0,0,0,0,0,1,0,0.00,0,0,0,0,N/A,0,1,0,0,N/A,N/A,N/A,N/A,N/A,N/A,N/A,150,N/A,2022
527,Khari Blasingame,CHI,N/A,26,13,5,0,0,0,0,0,0,0,N/A,0,1,0,0,N/A,0,0,0,0,N/A,N/A,N/A,N/A,N/A,N/A,N/A,151,N/A,2022
528,Lynn Bowden Jr.,NWE,N/A,25,1,0,0,0,0,0,0,0,0,N/A,0,0,0,0,N/A,0,0,0,0,N/A,N/A,N/A,N/A,N/A,N/A,N/A,209,N/A,2022
529,Nick Boyle,BAL,N/A,29,11,0,0,0,0,0,0,0,0,N/A,0,0,0,0,N/A,0,0,0,0,N/A,N/A,N/A,N/A,N/A,N/A,N/A,112,N/A,2022
530,Anthony Brown,BAL,QB,24,1,0,3,5,16,0,0,3,-5,-1.67,0,0,0,0,N/A,0,0,0,0,N/A,N/A,N/A,0.1,0.1,0.1,N/A,69,N/A,2022
531,John Brown,BUF,N/A,32,2,0,0,0,0,0,0,0,0,N/A,0,1,0,0,N/A,0,0,0,0,N/A,N/A,N/A,N/A,N/A,N/A,N/A,210,N/A,2022
532,Jason Cabinda,DET,RB,26,6,2,0,0,0,0,0,1,4,4.00,0,3,0,0,N/A,0,0,0,0,N/A,N/A,N/A,0.4,0.4,0.4,N/A,144,N/A,2022
533,Trenton Cannon,TEN,N/A,28,2,0,0,0,0,0,0,0,0,N/A,0,0,0,0,N/A,0,0,0,0,N/A,N/A,N/A,N/A,N/A,N/A,N/A,152,N/A,2022
534,Cethan Carter,MIA,N/A,27,1,0,0,0,0,0,0,0,0,N/A,0,0,0,0,N/A,0,0,0,0,N/A,N/A,N/A,N/A,N/A,N/A,N/A,113,N/A,2022
535,Dan Chisena,MIN,N/A,25,2,0,0,0,0,0,0,0,0,N/A,0,0,0,0,N/A,0,0,0,0,N/A,N/A,N/A,N/A,N/A,N/A,N/A,211,N/A,2022
536,Pharoh Cooper,ARI,N/A,27,2,0,0,0,0,0,0,0,0,N/A,0,0,0,0,N/A,0,0,0,0,N/A,N/A,N/A,N/A,N/A,N/A,N/A,212,N/A,2022
537,Keke Coutee,IND,WR,25,6,0,0,0,0,0,0,0,0,N/A,0,1,1,20,20.00,0,3,1,0,N/A,N/A,N/A,1.0,2.0,0.5,N/A,213,N/A,2022
538,Chase Daniel,LAC,QB,36,2,0,0,2,0,0,0,0,0,N/A,0,0,0,0,N/A,0,0,0,0,N/A,N/A,N/A,N/A,N/A,N/A,N/A,70,N/A,2022
539,Rico Dowdle,DAL,N/A,24,5,0,0,0,0,0,0,0,0,N/A,0,0,0,0,N/A,0,0,0,0,N/A,N/A,N/A,N/A,N/A,N/A,N/A,153,N/A,2022
540,Jacob Eason,CAR,QB,25,1,0,3,5,59,0,1,0,0,N/A,0,0,0,0,N/A,0,0,0,0,N/A,N/A,N/A,0.4,1.4,1.4,N/A,67,N/A,2022
541,Alex Erickson,WAS,N/A,30,2,0,0,0,0,0,0,0,0,N/A,0,0,0,0,N/A,0,0,0,0,N/A,N/A,N/A,N/A,N/A,N/A,N/A,214,N/A,2022
542,Demetric Felton,CLE,RB,24,8,2,0,0,0,0,0,1,-4,-4.00,0,4,2,8,4.00,0,1,0,0,N/A,N/A,N/A,2.4,2.4,1.4,N/A,145,N/A,2022
543,Nick Foles ,IND,N/A,33,1,0,0,0,0,0,0,0,0,N/A,0,0,0,0,N/A,0,0,0,0,N/A,N/A,N/A,N/A,N/A,N/A,N/A,71,N/A,2022
544,Jerome Ford,CLE,RB,23,10,0,0,0,0,0,0,3,3,1.00,0,0,0,0,N/A,0,0,0,0,N/A,N/A,N/A,0.3,0.3,0.3,N/A,147,N/A,2022
545,Feleipe Franks,ATL,QB,25,10,1,0,0,0,0,0,1,0,0.00,0,2,0,0,N/A,0,0,0,0,N/A,N/A,N/A,N/A,N/A,N/A,N/A,72,N/A,2022
546,Jake Funk,LAR,N/A,24,5,0,0,0,0,0,0,0,0,N/A,0,0,0,0,N/A,0,0,0,0,N/A,N/A,N/A,N/A,N/A,N/A,N/A,154,N/A,2022
547,Tanner Gentry,BUF,N/A,28,3,0,0,0,0,0,0,0,0,N/A,0,1,0,0,N/A,0,0,0,0,N/A,N/A,N/A,N/A,N/A,N/A,N/A,215,N/A,2022
548,Cullen Gillaspia,SEA,N/A,27,6,0,0,0,0,0,0,0,0,N/A,0,0,0,0,N/A,0,0,0,0,N/A,N/A,N/A,N/A,N/A,N/A,N/A,155,N/A,2022
549,Josh Gordon,TEN,N/A,31,2,0,0,0,0,0,0,0,0,N/A,0,1,0,0,N/A,0,0,0,0,N/A,N/A,N/A,N/A,N/A,N/A,N/A,216,N/A,2022
550,Justin Hardee*,NYJ,N/A,28,15,0,0,0,0,0,0,0,0,N/A,0,0,0,0,N/A,0,0,0,0,N/A,N/A,N/A,N/A,N/A,N/A,N/A,217,N/A,2022
551,Clark Harris,CIN,N/A,38,1,0,0,0,0,0,0,0,0,N/A,0,0,0,0,N/A,0,0,0,0,N/A,N/A,N/A,N/A,N/A,N/A,N/A,114,N/A,2022
552,Chad Henne,KAN,QB,37,2,0,0,2,0,0,0,3,-3,-1.00,0,0,0,0,N/A,0,1,0,0,N/A,N/A,N/A,-0.3,-0.3,-0.3,N/A,76,N/A,2022
553,Rashard Higgins,CAR,N/A,28,3,0,0,0,0,0,0,0,0,N/A,0,0,0,0,N/A,0,0,0,0,N/A,N/A,N/A,N/A,N/A,N/A,N/A,218,N/A,2022
554,Jacob Hollister,2TM,N/A,29,5,0,0,0,0,0,0,0,0,N/A,0,0,0,0,N/A,0,0,0,0,N/A,N/A,N/A,N/A,N/A,N/A,N/A,115,N/A,2022
555,J.P. Holtz,NOR,N/A,29,6,2,0,0,0,0,0,0,0,N/A,0,0,0,0,N/A,0,0,0,0,N/A,N/A,N/A,N/A,N/A,N/A,N/A,116,N/A,2022
556,Jordan Howard,NOR,RB,28,2,0,0,0,0,0,0,1,1,1.00,0,0,0,0,N/A,0,0,0,0,N/A,N/A,N/A,0.1,0.1,0.1,N/A,149,N/A,2022
557,Godwin Igwebuike,SEA,N/A,28,2,0,0,0,0,0,0,0,0,N/A,0,0,0,0,N/A,0,0,0,0,N/A,N/A,N/A,N/A,N/A,N/A,N/A,156,N/A,2022
558,Tyree Jackson,PHI,N/A,25,5,0,0,0,0,0,0,0,0,N/A,0,0,0,0,N/A,0,0,0,0,N/A,N/A,N/A,N/A,N/A,N/A,N/A,117,N/A,2022
559,Jesse James,CLE,N/A,28,2,0,0,0,0,0,0,0,0,N/A,0,0,0,0,N/A,0,0,0,0,N/A,N/A,N/A,N/A,N/A,N/A,N/A,118,N/A,2022
560,David Johnson,NOR,RB,31,2,0,0,0,0,0,0,5,8,1.60,0,1,1,11,11.00,0,1,1,0,N/A,N/A,N/A,0.9,1.9,0.4,N/A,163,N/A,2022
561,Duke Johnson,BUF,RB,29,1,0,0,0,0,0,0,2,4,2.00,0,0,0,0,N/A,0,0,0,0,N/A,N/A,N/A,0.4,0.4,0.4,N/A,146,N/A,2022
562,Tyler Johnson,HOU,N/A,24,2,0,0,0,0,0,0,0,0,N/A,0,0,0,0,N/A,0,0,0,0,N/A,N/A,N/A,N/A,N/A,N/A,N/A,219,N/A,2022
563,Taiwan Jones,BUF,N/A,34,14,0,0,0,0,0,0,0,0,N/A,0,0,0,0,N/A,0,0,0,0,N/A,N/A,N/A,N/A,N/A,N/A,N/A,157,N/A,2022
564,Case Keenum,BUF,QB,34,2,0,2,7,8,0,0,5,0,0.00,0,0,0,0,N/A,0,0,0,0,N/A,N/A,N/A,0.3,0.3,0.3,N/A,68,N/A,2022
565,Marcus Kemp,KAN,N/A,27,3,0,0,0,0,0,0,0,0,N/A,0,0,0,0,N/A,0,0,0,0,N/A,N/A,N/A,N/A,N/A,N/A,N/A,220,N/A,2022
566,Mason Kinsey,TEN,WR,24,2,0,0,0,0,0,0,0,0,N/A,0,1,1,3,3.00,0,1,0,0,N/A,N/A,N/A,1.3,1.3,0.8,N/A,204,N/A,2022
567,Hunter Long,MIA,N/A,24,6,0,0,0,0,0,0,0,0,N/A,0,0,0,0,N/A,0,0,0,0,N/A,N/A,N/A,N/A,N/A,N/A,N/A,119,N/A,2022
568,Racey McMath,TEN,WR,23,2,0,0,0,0,0,0,0,0,N/A,0,6,1,1,1.00,0,0,0,0,N/A,N/A,N/A,1.1,1.1,0.6,N/A,206,N/A,2022
569,Kirk Merritt,NOR,N/A,25,2,0,0,0,0,0,0,0,0,N/A,0,0,0,0,N/A,0,0,0,0,N/A,N/A,N/A,N/A,N/A,N/A,N/A,221,N/A,2022
570,Stanley Morgan Jr.,CIN,N/A,26,12,0,0,0,0,0,0,0,0,N/A,0,1,0,0,N/A,0,0,0,0,N/A,N/A,N/A,N/A,N/A,N/A,N/A,222,N/A,2022
571,Qadree Ollison,DAL,N/A,26,2,0,0,0,0,0,0,0,0,N/A,0,0,0,0,N/A,0,0,0,0,N/A,N/A,N/A,N/A,N/A,N/A,N/A,158,N/A,2022
572,Matthew Orzech,LAR,N/A,27,14,0,0,0,0,0,0,0,0,N/A,0,0,0,0,N/A,0,0,0,0,N/A,N/A,N/A,N/A,N/A,N/A,N/A,120,N/A,2022
573,Jaret Patterson,WAS,N/A,23,1,0,0,0,0,0,0,0,0,N/A,0,0,0,0,N/A,0,0,0,0,N/A,N/A,N/A,N/A,N/A,N/A,N/A,159,N/A,2022
574,Nathan Peterman,CHI,QB,28,1,0,0,1,0,0,0,0,0,N/A,0,0,0,0,N/A,0,0,0,0,N/A,N/A,N/A,N/A,N/A,N/A,N/A,73,N/A,2022
575,Kevin Rader,TEN,N/A,27,11,2,0,0,0,0,0,0,0,N/A,0,0,0,0,N/A,0,0,0,0,N/A,N/A,N/A,N/A,N/A,N/A,N/A,121,N/A,2022
576,Andre Roberts,CAR,N/A,34,1,0,0,0,0,0,0,0,0,N/A,0,0,0,0,N/A,0,0,0,0,N/A,N/A,N/A,N/A,N/A,N/A,N/A,223,N/A,2022
577,Richard Rodgers,LAC,TE,30,10,1,0,0,0,0,0,0,0,N/A,0,4,1,4,4.00,0,0,0,0,N/A,N/A,N/A,1.4,1.4,0.9,N/A,110,N/A,2022
578,Larry Rountree,LAC,N/A,23,1,0,0,0,0,0,0,0,0,N/A,0,0,0,0,N/A,0,0,0,0,N/A,N/A,N/A,N/A,N/A,N/A,N/A,160,N/A,2022
579,Drew Sample,CIN,TE,26,2,2,0,0,0,0,0,0,0,N/A,0,2,2,-2,-1.00,0,0,0,0,N/A,N/A,N/A,1.8,1.8,0.8,N/A,125,N/A,2022
580,Braylon Sanders,MIA,WR,23,2,0,0,0,0,0,0,0,0,N/A,0,3,2,17,8.50,0,1,1,0,N/A,N/A,N/A,1.7,2.7,0.7,N/A,231,N/A,2022
581,Matthew Slater,NWE,N/A,37,14,0,0,0,0,0,0,0,0,N/A,0,0,0,0,N/A,0,0,0,0,N/A,N/A,N/A,N/A,N/A,N/A,N/A,224,N/A,2022
582,Willie Snead,SFO,N/A,30,3,0,0,0,0,0,0,0,0,N/A,0,0,0,0,N/A,0,0,0,0,N/A,N/A,N/A,N/A,N/A,N/A,N/A,225,N/A,2022
583,Matt Sokol,NWE,N/A,27,1,0,0,0,0,0,0,0,0,N/A,0,0,0,0,N/A,0,0,0,0,N/A,N/A,N/A,N/A,N/A,N/A,N/A,122,N/A,2022
584,Nate Sudfeld,DET,QB,29,1,0,0,0,0,0,0,2,-1,-0.50,0,0,0,0,N/A,0,0,0,0,N/A,N/A,N/A,-0.1,-0.1,-0.1,N/A,74,N/A,2022
585,Keir Thomas,LAR,N/A,24,5,0,0,0,0,0,0,0,0,N/A,0,0,0,0,N/A,0,0,0,0,N/A,N/A,N/A,N/A,N/A,N/A,N/A,226,N/A,2022
586,Noah Togiai,PHI,N/A,25,2,0,0,0,0,0,0,0,0,N/A,0,1,0,0,N/A,0,0,0,0,N/A,N/A,N/A,N/A,N/A,N/A,N/A,123,N/A,2022
587,Laquon Treadwell,SEA,WR,27,3,0,0,0,0,0,0,0,0,N/A,0,1,1,1,1.00,0,0,0,0,N/A,N/A,N/A,1.1,1.1,0.6,N/A,207,N/A,2022
588,Malik Turner,SFO,N/A,26,3,0,0,0,0,0,0,0,0,N/A,0,0,0,0,N/A,0,0,0,0,N/A,N/A,N/A,N/A,N/A,N/A,N/A,227,N/A,2022
589,Jonathan Ward,ARI,N/A,25,5,0,0,0,0,0,0,0,0,N/A,0,0,0,0,N/A,0,0,0,0,N/A,N/A,N/A,N/A,N/A,N/A,N/A,161,N/A,2022
590,James Washington,DAL,N/A,26,2,0,0,0,0,0,0,0,0,N/A,0,1,0,0,N/A,0,0,0,0,N/A,N/A,N/A,N/A,N/A,N/A,N/A,228,N/A,2022
591,Cody White,PIT,WR,24,1,1,0,0,0,0,0,0,0,N/A,0,1,1,2,2.00,0,0,0,0,N/A,N/A,N/A,1.2,1.2,0.7,N/A,205,N/A,2022
592,Antonio Williams,NYG,N/A,25,2,0,0,0,0,0,0,0,0,N/A,0,0,0,0,N/A,0,0,0,0,N/A,N/A,N/A,N/A,N/A,N/A,N/A,162,N/A,2022
593,Damien Williams,ATL,RB,30,1,1,0,0,0,0,0,2,2,1.00,0,0,0,0,N/A,0,0,0,0,N/A,N/A,N/A,0.2,0.2,0.2,N/A,148,N/A,2022
594,Javon Wims,ARI,N/A,28,1,0,0,0,0,0,0,0,0,N/A,0,0,0,0,N/A,0,0,0,0,N/A,N/A,N/A,N/A,N/A,N/A,N/A,229,N/A,2022
595,Charlie Woerner,SFO,N/A,25,14,2,0,0,0,0,0,0,0,N/A,0,2,0,0,N/A,0,0,0,0,N/A,N/A,N/A,N/A,N/A,N/A,N/A,124,N/A,2022
596,Brandon Zylstra,DET,N/A,29,2,0,0,0,0,0,0,0,0,N/A,0,0,0,0,N/A,0,0,0,0,N/A,N/A,N/A,N/A,N/A,N/A,N/A,230,N/A,2022
597,Deonte Harty,NOR,WR,25,4,0,0,0,0,0,0,0,0,N/A,0,2,2,13,6.50,0,1,1,0,N/A,N/A,-1,1.3,2.3,0.3,N/A,233,N/A,2022
598,Ihmir Smith-Marsette,2TM,WR,23,7,0,0,0,0,0,0,1,-1,-1.00,0,4,1,15,15.00,0,1,1,0,N/A,N/A,-1,0.4,1.4,-0.1,N/A,232,N/A,2022
599,Chester Rogers,CLE,N/A,28,3,0,0,0,0,0,0,0,0,N/A,0,0,0,0,N/A,0,1,1,0,N/A,N/A,-2,-2.0,-1.0,-2.0,N/A,234,N/A,2022
