Player,Tm,FantPos,G,GS,FantPt,PPR,DKPt,FDPt,PosRank,OvRank
A.J. Brown,TEN,WR,16,11,165,217.1,220.1,191.1,9,34
A.J. McCarron,HOU,QB,2,1,17,16.9,17.9,17.9,50,N/A
Aaron Jones,GNB,RB,16,16,266,314.8,322.8,290.3,3,4
Aaron Rodgers*,GNB,QB,16,16,278,278.4,292.4,282.4,9,56
Adam Humphries,TEN,WR,12,3,50,86.5,89.5,68.0,85,N/A
Adam Shaheen,CHI,RB,8,2,7,16.4,17.4,11.9,114,N/A
Adam Thielen,MIN,WR,10,10,84,114.4,117.4,99.4,56,N/A
Adrian Peterson,WAS,RB,15,15,130,147.0,155.0,138.5,28,N/A
Albert Wilson,MIA,WR,13,4,46,89.4,92.4,67.9,89,N/A
Alec Ingold,OAK,RB,16,4,12,18.1,18.1,15.1,101,N/A
Alex Armah,CAR,RB,16,1,8,9.7,9.7,8.7,112,N/A
Alex Ellis,PHI,N/A,3,0,N/A,0.0,N/A,N/A,125,N/A
Alex Erickson,CIN,WR,16,6,53,96.2,101.2,74.7,82,N/A
Alex Tanney,NYG,QB,1,0,N/A,0.0,N/A,N/A,65,N/A
Alexander Hollins,MIN,WR,5,1,5,6.6,6.6,5.6,174,N/A
Alexander Mattison,MIN,RB,13,0,58,68.4,72.4,63.4,55,N/A
Alfred Morris,ARI,RB,1,0,N/A,0.4,0.4,0.4,150,N/A
Allen Hurns,MIA,WR,14,7,52,83.6,87.6,67.6,83,N/A
Allen Lazard ,GNB,WR,16,3,68,102.8,105.8,85.3,69,N/A
Allen Robinson,CHI,WR,16,15,157,254.9,257.9,205.9,12,39
Alshon Jeffery,PHI,WR,10,10,79,122.2,125.2,100.7,59,N/A
Alvin Kamara*,NOR,RB,14,9,168,248.5,255.5,208.0,16,41
Amari Cooper*,DAL,WR,16,16,168,246.5,249.5,207.0,7,32
Ameer Abdullah,MIN,RB,16,0,24,39.3,43.3,31.8,87,N/A
Andre Patton,LAC,WR,13,5,6,11.6,11.6,8.6,171,N/A
Andre Roberts*,BUF,WR,13,0,3,5.7,5.7,4.2,187,N/A
Andrew Beck,DEN,TE,16,6,16,24.5,24.5,20.0,66,N/A
Andy Dalton,CIN,QB,13,13,203,203.7,224.7,217.2,26,N/A
Andy Isabella,ARI,WR,15,1,26,35.4,38.4,30.9,119,N/A
Andy Janovich,DEN,RB,7,3,10,15.3,15.3,12.8,105,N/A
Anthony Firkser,TEN,TE,15,1,26,40.4,43.4,33.4,47,N/A
Anthony Miller,CHI,WR,16,7,76,127.5,131.5,101.5,62,N/A
Anthony Sherman,KAN,RB,16,0,3,5.1,5.1,4.1,129,N/A
Antonio Brown,NWE,WR,1,0,12,16.1,16.1,14.1,149,N/A
Antonio Callaway,CLE,WR,4,2,9,16.9,16.9,12.9,161,N/A
Antony Auclair,TAM,TE,8,5,1,2.1,2.1,1.6,102,N/A
Ashton Dulin,IND,WR,13,0,2,3.7,3.7,2.7,200,N/A
Auden Tate,CIN,WR,12,10,62,101.5,105.5,81.5,73,N/A
Austin Carr,NOR,WR,6,3,1,1.9,1.9,1.4,212,N/A
Austin Ekeler,LAC,RB,16,8,217,309.0,317.0,263.0,7,10
Austin Hooper*,ATL,TE,13,10,117,191.7,194.7,154.2,7,31
Austin Walter,NYG,N/A,1,0,N/A,0.0,N/A,N/A,163,N/A
Baker Mayfield,CLE,QB,16,16,229,229.2,258.2,250.2,20,N/A
Ben Braunecker,CHI,TE,11,3,12,17.9,17.9,14.9,74,N/A
Ben Koyack,JAX,TE,11,6,1,1.9,1.9,1.4,106,N/A
Ben Roethlisberger,PIT,QB,2,2,13,12.7,16.7,13.7,53,N/A
Ben Watson,NWE,TE,10,8,17,34.3,37.3,25.8,61,N/A
Bennie Fowler,NYG,WR,8,2,23,46.3,49.3,34.8,130,N/A
Benny Snell Jr.,PIT,RB,13,2,55,57.9,61.9,56.4,59,N/A
Bilal Powell,NYJ,RB,13,1,26,33.2,36.2,29.7,83,N/A
Blake Bell,KAN,TE,15,7,7,14.7,14.7,10.7,84,N/A
Blake Bortles,LAR,QB,3,0,-1,-0.8,-0.8,-0.8,71,N/A
Blake Jarwin,DAL,TE,16,7,55,85.5,88.5,70.0,25,N/A
Bo Scarbrough,DET,RB,6,5,42,43.2,47.2,42.7,69,N/A
Bobo Wilson,TAM,WR,6,1,2,4.5,5.5,3.0,204,N/A
Boston Scott,PHI,RB,11,2,73,96.9,103.9,84.9,51,N/A
Brandin Cooks,LAR,WR,14,14,76,117.5,120.5,96.5,61,N/A
Brandon Allen,DEN,QB,3,3,33,32.5,37.5,34.5,45,N/A
Brandon Bolden,NWE,RB,15,2,42,50.9,53.9,46.4,70,N/A
Brandon Dillon,MIN,N/A,1,0,N/A,0.0,N/A,N/A,124,N/A
Brandon Zylstra,CAR,WR,8,0,11,18.6,21.6,14.6,152,N/A
Braxton Berrios,NYJ,WR,16,0,10,15.5,19.5,12.5,156,N/A
Breshad Perriman,TAM,WR,14,4,102,138.1,141.1,120.1,43,N/A
Brett Hundley,ARI,QB,3,0,6,6.1,6.1,6.1,55,N/A
Brian Hill,ATL,RB,12,2,57,67.2,70.2,62.2,57,N/A
Brian Hoyer,IND,QB,4,1,21,21.1,29.1,25.1,48,N/A
Buddy Howell,HOU,RB,16,0,1,1.0,1.0,1.0,141,N/A
Byron Pringle,KAN,WR,16,0,23,35.0,38.0,29.0,131,N/A
C.J. Anderson,DET,RB,2,0,4,4.3,4.3,4.3,127,N/A
C.J. Board,JAX,WR,4,0,3,5.1,5.1,4.1,182,N/A
C.J. Ham*,MIN,RB,16,7,21,37.6,41.6,29.1,91,N/A
C.J. Prosise,SEA,RB,9,0,19,28.8,29.8,23.8,93,N/A
C.J. Uzomah,CIN,TE,16,16,36,63.2,66.2,49.7,41,N/A
Calvin Ridley,ATL,WR,13,10,134,197.0,200.0,165.5,23,65
Cam Newton,CAR,QB,2,2,17,16.7,22.7,17.7,51,N/A
Cam Sims,WAS,WR,7,1,3,4.7,4.7,3.7,189,N/A
Cameron Brate,TAM,TE,16,6,55,91.1,94.1,73.1,24,N/A
Carlos Hyde,HOU,RB,16,14,143,153.2,158.2,148.2,23,72
Carson Meier,ATL,N/A,1,1,N/A,0.0,N/A,N/A,128,N/A
Carson Wentz,PHI,QB,16,16,276,275.9,295.9,282.9,10,60
Case Keenum,WAS,QB,10,8,103,103.5,114.5,108.5,31,N/A
Cedrick Wilson Jr.,DAL,WR,6,0,5,9.6,9.6,7.1,175,N/A
Cethan Carter,CIN,TE,15,0,7,9.3,9.3,8.3,83,N/A
Chad Beebe,MIN,WR,3,0,7,9.0,9.0,8.0,166,N/A
Chad Williams,IND,N/A,1,0,N/A,0.0,N/A,N/A,239,N/A
Chandler Cox,MIA,N/A,13,3,N/A,0.0,N/A,N/A,155,N/A
Charles Clay,ARI,TE,15,10,30,47.7,50.7,38.7,45,N/A
Charles Jones,JAX,TE,4,0,1,1.5,1.5,1.0,110,N/A
Chase Daniel,CHI,QB,3,1,26,26.0,31.0,28.0,46,N/A
Chase Edmonds,ARI,RB,13,2,71,82.8,88.8,76.8,52,N/A
Chester Rogers,IND,WR,12,6,30,45.7,49.7,37.7,111,N/A
Chris Carson,SEA,RB,15,15,196,232.6,242.6,214.1,9,18
Chris Conley,JAX,WR,16,14,110,156.5,159.5,133.0,39,N/A
Chris Godwin*,TAM,WR,14,14,190,276.1,279.1,233.1,2,15
Chris Herndon,NYJ,TE,1,0,1,1.7,1.7,1.2,108,N/A
Chris Hogan,CAR,WR,7,1,7,14.7,14.7,10.7,168,N/A
Chris Lacy,DET,WR,7,2,6,9.0,9.0,7.5,170,N/A
Chris Manhertz,CAR,TE,15,6,1,2.1,2.1,1.6,103,N/A
Chris Moore,BAL,WR,14,1,2,5.1,5.1,3.6,194,N/A
Chris Thompson,WAS,RB,11,0,52,93.6,99.6,72.6,61,N/A
Christian Blake,ATL,WR,9,3,9,20.1,20.1,14.6,159,N/A
Christian Kirk,ARI,WR,13,13,100,168.2,171.2,134.2,46,N/A
Christian McCaffrey*+,CAR,RB,16,16,355,471.2,477.2,413.2,1,1
Clark Harris,CIN,N/A,16,0,N/A,0.0,N/A,N/A,126,N/A
Clive Walford,MIA,TE,7,3,6,10.1,10.1,8.1,87,N/A
Codey McElroy,TAM,WR,1,0,3,4.0,4.0,3.5,185,N/A
Cody Core,NYG,WR,16,0,3,5.8,5.8,4.3,186,N/A
Cody Hollister,TEN,WR,5,0,1,3.3,3.3,2.3,208,N/A
Cody Latimer,NYG,WR,15,10,42,66.0,69.0,54.0,91,N/A
Cole Beasley,BUF,WR,15,10,118,184.8,187.8,151.3,35,N/A
Colt McCoy,WAS,QB,1,1,4,4.3,5.3,5.3,58,N/A
Cooper Kupp,LAR,WR,16,14,177,270.5,273.5,223.5,4,26
Cooper Rush,DAL,N/A,2,0,N/A,0.0,N/A,N/A,67,N/A
Cordarrelle Patterson*+,CHI,WR,16,4,25,35.6,38.6,30.1,125,N/A
Corey Clement,PHI,N/A,4,0,-4,-4.0,-2.0,-4.0,165,N/A
Corey Davis,TEN,WR,15,11,72,115.1,118.1,93.6,64,N/A
Courtland Sutton*,DEN,WR,16,14,150,222.4,225.4,186.4,17,51
Craig Reynolds,WAS,N/A,3,0,N/A,0.0,N/A,N/A,160,N/A
Cullen Gillaspia,HOU,N/A,16,0,N/A,0.0,N/A,N/A,158,N/A
Curtis Samuel,CAR,WR,16,15,118,171.7,177.7,144.7,36,N/A
Cyril Grayson,TAM,WR,2,0,N/A,1.3,1.3,0.8,216,N/A
D'Ernest Johnson,CLE,RB,16,0,9,15.2,15.2,12.2,109,N/A
D.J. Foster,ARI,N/A,6,0,N/A,0.0,N/A,N/A,157,N/A
D.J. Moore,CAR,WR,15,15,144,230.5,234.5,187.0,21,58
D.K. Metcalf,SEA,WR,16,15,129,187.1,193.1,158.1,30,77
DJ Chark*,JAX,WR,15,14,153,225.8,228.8,189.3,16,46
Da'Mari Scott,NYG,WR,5,2,3,4.7,4.7,3.7,188,N/A
DaeSean Hamilton,DEN,WR,16,2,36,63.7,66.7,49.7,102,N/A
Dak Prescott,DAL,QB,16,16,338,337.8,356.8,348.8,2,12
Dallas Goedert,PHI,TE,15,9,87,144.7,149.7,115.7,10,62
Dalton Schultz,DAL,TE,16,0,1,1.6,1.6,1.1,109,N/A
Dalvin Cook*,MIN,RB,14,14,239,292.4,300.4,265.9,5,6
Dalyn Dawkins,TEN,RB,2,0,3,2.6,2.6,2.6,131,N/A
Damien Harris,NWE,RB,2,0,1,1.2,1.2,1.2,139,N/A
Damien Williams,KAN,RB,11,6,111,141.1,148.1,126.1,34,N/A
Damiere Byrd,ARI,WR,11,3,40,71.9,75.9,55.9,94,N/A
Damion Ratley,CLE,WR,13,3,26,38.0,41.0,32.0,121,N/A
Damion Willis,CIN,WR,10,2,8,17.2,17.2,12.7,162,N/A
Dan Arnold,2TM,TE,5,1,25,32.7,35.7,28.7,49,N/A
Daniel Brown,NYJ,WR,16,5,13,20.2,20.2,16.7,145,N/A
Daniel Jones,NYG,QB,13,12,215,215.0,244.0,227.0,24,N/A
Danny Amendola,DET,WR,15,10,79,140.6,143.6,109.6,60,N/A
Danny Vitale,GNB,RB,15,4,10,17.0,17.0,13.5,107,N/A
Dante Pettis,SFO,WR,11,4,24,34.5,37.5,29.0,128,N/A
Dare Ogunbowale,TAM,RB,16,0,40,75.3,79.3,57.8,73,N/A
Darius Jennings,TEN,WR,8,0,2,3.7,3.7,2.7,201,N/A
Darius Slayton,NYG,WR,14,9,122,170.0,173.0,146.0,33,N/A
Darrel Williams,KAN,RB,12,0,53,67.8,74.8,60.3,60,N/A
Darrell Daniels,ARI,TE,11,0,N/A,1.4,1.4,0.9,112,N/A
Darrell Henderson,LAR,RB,13,0,18,22.4,25.4,20.4,94,N/A
Darren Fells,HOU,TE,16,14,76,110.1,113.1,93.1,13,N/A
Darren Sproles,PHI,RB,6,1,11,17.0,17.0,14.0,102,N/A
Darren Waller,OAK,TE,16,16,131,221.0,225.0,176.0,4,19
Darrius Shepherd ,GNB,WR,6,0,-2,-0.9,0.1,-1.4,241,N/A
Darvin Kidsy,WAS,N/A,3,0,N/A,0.0,N/A,N/A,229,N/A
Darwin Thompson,KAN,RB,12,0,23,32.1,35.1,27.6,89,N/A
Davante Adams*,GNB,WR,12,12,130,212.7,216.7,171.2,29,74
David Blough,DET,QB,5,5,54,55.4,64.4,60.9,40,N/A
David Fales,NYJ,N/A,2,0,N/A,0.0,N/A,N/A,66,N/A
David Fluellen,TEN,N/A,2,0,N/A,0.0,N/A,N/A,156,N/A
David Johnson,ARI,RB,13,9,106,141.5,148.5,123.5,37,N/A
David Montgomery,CHI,RB,16,8,145,170.4,178.4,157.9,22,67
David Moore,SEA,WR,14,1,43,59.6,63.6,51.1,90,N/A
David Njoku,CLE,TE,4,1,10,15.1,15.1,12.6,77,N/A
Davion Davis,MIN,N/A,2,0,N/A,0.0,N/A,N/A,219,N/A
Dawson Knox,BUF,TE,15,11,52,79.7,82.7,65.7,29,N/A
De'Anthony Thomas,2TM,WR,14,0,1,2.1,2.1,1.6,210,N/A
De'Lance Turner,MIA,RB,8,0,1,0.6,0.6,0.6,148,N/A
DeAndre Carter,HOU,WR,16,3,14,25.2,29.2,19.7,143,N/A
DeAndre Hopkins*+,HOU,WR,15,15,165,268.5,272.5,217.5,10,35
DeAndre Washington,OAK,RB,16,3,86,121.9,127.9,103.9,42,N/A
DeAndrew White,CAR,WR,10,0,5,9.1,9.1,7.1,172,N/A
DeSean Jackson,PHI,WR,3,3,28,36.9,39.9,32.4,113,N/A
DeVante Parker,MIA,WR,16,14,174,246.2,249.2,210.2,6,28
Deante Burton,DAL,N/A,3,0,N/A,0.0,N/A,N/A,217,N/A
Dede Westbrook,JAX,WR,15,11,91,156.7,159.7,123.7,50,N/A
Deebo Samuel,SFO,WR,15,11,132,189.1,196.1,160.6,26,70
Delanie Walker,TEN,TE,7,4,34,54.5,57.5,44.0,43,N/A
Demarcus Robinson,KAN,WR,16,10,69,100.9,103.9,84.9,67,N/A
Demaryius Thomas,NYJ,WR,11,10,49,85.3,88.3,67.3,86,N/A
Demetrius Harris,CLE,TE,15,6,35,49.9,52.9,42.4,42,N/A
Deon Cain,2TM,WR,13,6,12,21.4,24.4,16.9,148,N/A
Deon Yelder,KAN,TE,9,1,5,8.0,8.0,6.5,91,N/A
Deontay Burnett,PHI,WR,1,1,5,6.8,6.8,5.8,173,N/A
Deonte Harris*+,NOR,WR,14,1,10,15.5,16.5,12.5,157,N/A
Derek Carr,OAK,QB,16,16,244,244.4,258.4,252.4,16,N/A
Derek Carrier,OAK,TE,16,4,20,32.5,35.5,26.0,56,N/A
Derek Watt,LAC,RB,16,2,10,13.2,13.2,11.7,106,N/A
Derrick Henry *,TEN,RB,15,15,277,294.6,303.6,285.6,2,3
Derrius Guice,WAS,RB,5,1,50,57.4,60.4,53.9,62,N/A
Deshaun Watson*,HOU,QB,15,15,320,321.0,342.0,332.5,4,17
Devin Funchess,IND,WR,1,1,3,6.2,6.2,4.7,181,N/A
Devin Singletary,BUF,RB,12,8,119,147.9,154.9,133.4,31,N/A
Devin Smith,DAL,WR,4,2,17,22.3,25.3,19.8,142,N/A
Devine Ozigbo,JAX,RB,10,0,5,8.0,8.0,6.5,122,N/A
Devlin Hodges,PIT,QB,8,6,51,51.3,63.3,59.3,41,N/A
Devonta Freeman,ATL,RB,14,14,139,197.6,205.6,168.1,26,N/A
Devontae Booker,DEN,RB,16,0,7,12.6,12.6,9.6,116,N/A
Dexter Williams,GNB,RB,4,0,1,1.1,1.1,1.1,140,N/A
Dion Lewis,TEN,RB,16,1,41,66.3,73.3,53.8,72,N/A
Diontae Johnson,PIT,WR,16,12,104,163.1,168.1,133.6,40,N/A
Diontae Spencer,DEN,WR,16,2,2,7.7,8.7,4.7,202,N/A
Donte Moncrief,2TM,WR,8,2,2,5.8,5.8,3.8,197,N/A
Dontrell Hilliard,CLE,RB,14,0,26,38.1,38.1,32.1,84,N/A
Dontrelle Inman,2TM,WR,7,1,18,30.1,33.1,24.1,141,N/A
Drew Brees*,NOR,QB,11,11,225,224.8,231.8,228.8,21,N/A
Drew Lock,DEN,QB,5,5,68,68.0,75.0,71.0,37,N/A
Drew Sample,CIN,TE,9,2,3,8.0,8.0,5.5,94,N/A
Duke Johnson,HOU,RB,16,2,110,154.0,161.0,132.0,35,N/A
Duke Williams,BUF,WR,4,3,23,34.6,37.6,28.6,133,N/A
Durham Smythe,MIA,TE,16,14,7,13.5,13.5,10.0,85,N/A
Dwayne Harris,OAK,WR,3,0,1,1.7,1.7,1.2,213,N/A
Dwayne Haskins,WAS,QB,9,7,77,76.7,91.7,83.7,36,N/A
Dwayne Washington,NOR,RB,16,0,7,7.6,7.6,7.1,118,N/A
Eli Manning,NYG,QB,4,4,54,54.4,63.4,59.4,39,N/A
Elijhaa Penny,NYG,RB,16,1,5,6.8,6.8,5.8,126,N/A
Emmanuel Sanders,2TM,WR,17,16,124,190.3,193.3,157.3,32,N/A
Eric Ebron,IND,TE,11,2,56,86.5,89.5,71.0,23,N/A
Eric Saubert,CHI,TE,2,0,2,4.1,4.1,3.1,98,N/A
Eric Tomlinson,3TM,TE,8,3,N/A,1.1,1.1,0.6,116,N/A
Evan Baylis,GNB,N/A,5,0,N/A,0.0,N/A,N/A,119,N/A
Evan Engram,NYG,TE,8,6,65,109.4,112.4,87.4,19,N/A
Ezekiel Elliott*,DAL,RB,16,16,258,311.7,319.7,284.7,4,5
Foster Moreau,OAK,TE,13,7,47,68.4,71.4,57.9,33,N/A
Frank Gore,BUF,RB,16,8,82,94.9,100.9,88.4,46,N/A
Fred Brown,DEN,WR,13,1,2,4.1,4.1,3.1,193,N/A
Gardner Minshew II,JAX,QB,14,12,229,229.2,248.2,235.2,19,N/A
Garrett Celek,SFO,N/A,5,1,N/A,0.0,N/A,N/A,121,N/A
Garrett Dickerson,NYG,N/A,4,0,N/A,0.0,N/A,N/A,123,N/A
Garrett Gilbert,CLE,QB,5,0,N/A,-0.3,-0.3,-0.3,69,N/A
Gary Jennings Jr,MIA,N/A,1,0,N/A,0.0,N/A,N/A,227,N/A
Gehrig Dieter,KAN,N/A,2,0,N/A,0.0,N/A,N/A,220,N/A
Geoff Swaim,JAX,TE,6,2,7,19.5,19.5,13.0,86,N/A
George Kittle*+,SFO,TE,14,14,138,222.5,225.5,180.0,3,16
Gerald Everett,LAR,TE,13,2,53,89.8,92.8,71.3,28,N/A
Geremy Davis,LAC,WR,7,1,4,6.8,6.8,5.3,177,N/A
Geronimo Allison,GNB,WR,16,6,41,75.4,79.4,58.4,92,N/A
Giovani Bernard,CIN,RB,16,2,38,68.4,75.4,53.4,74,N/A
Golden Tate,NYG,WR,11,10,103,152.2,156.2,127.7,41,N/A
Greg Dortch,CAR,N/A,2,0,-2,-2.0,-1.0,-2.0,242,N/A
Greg Olsen,CAR,TE,14,14,72,123.7,126.7,97.7,15,N/A
Greg Ward,PHI,WR,7,3,32,59.9,62.9,45.9,106,N/A
Gunner Olszewski,NWE,WR,8,0,1,3.4,4.4,2.4,206,N/A
Gus Edwards,BAL,RB,16,1,86,92.6,96.6,89.1,43,N/A
Hale Hentges,WAS,TE,11,4,16,24.3,27.3,20.3,64,N/A
Hayden Hurst,BAL,TE,16,4,47,76.9,79.9,61.9,34,N/A
Hunter Henry,LAC,TE,12,12,95,150.2,154.2,122.7,8,54
Hunter Renfrow,OAK,WR,13,4,85,133.5,136.5,109.0,55,N/A
Ian Thomas,CAR,TE,16,3,20,35.6,38.6,27.6,55,N/A
Irv Smith Jr.,MIN,TE,16,7,43,79.1,82.1,61.1,39,N/A
Isaac Nauta,DET,TE,6,0,1,3.3,3.3,2.3,100,N/A
Isaiah Ford,MIA,WR,8,0,26,48.5,51.5,37.0,123,N/A
Isaiah McKenzie,BUF,WR,15,8,36,63.3,66.3,49.8,100,N/A
Ishmael Hyman,TAM,WR,2,1,3,5.4,5.4,4.4,179,N/A
Ito Smith,ATL,RB,7,0,25,36.3,39.3,30.8,85,N/A
J.D. McKissic,DET,RB,16,3,50,83.8,89.8,66.8,63,N/A
J.P. Holtz,2TM,TE,15,7,9,16.1,16.1,12.6,80,N/A
JJ Arcega-Whiteside,PHI,WR,16,5,23,32.9,35.9,27.9,132,N/A
JJ Nelson,OAK,WR,2,1,10,13.6,13.6,11.6,155,N/A
Jace Sternberger,GNB,N/A,6,1,N/A,0.0,N/A,N/A,133,N/A
Jack Doyle*,IND,TE,16,16,69,111.8,114.8,90.3,18,N/A
Jacob Hollister,SEA,TE,11,3,53,93.9,96.9,73.4,27,N/A
Jacoby Brissett,IND,QB,15,15,217,217.7,234.7,223.2,23,N/A
Jaeden Graham,ATL,TE,16,0,21,29.9,32.9,25.4,54,N/A
Jake Kumerow,GNB,WR,14,4,28,39.9,42.9,33.9,114,N/A
Jakeem Grant,MIA,WR,10,2,27,45.9,49.9,36.4,118,N/A
Jakob Johnson,NWE,RB,4,3,1,1.5,1.5,1.0,149,N/A
Jakobi Meyers,NWE,WR,15,1,36,61.9,64.9,48.9,101,N/A
Jaleel Scott,BAL,WR,3,0,1,1.6,1.6,1.1,214,N/A
Jalen Guyton,LAC,N/A,3,0,N/A,0.0,N/A,N/A,223,N/A
Jalen Richard,OAK,RB,16,0,47,82.8,88.8,64.8,66,N/A
Jamaal Williams,GNB,RB,14,2,107,146.3,152.3,126.8,36,N/A
Jamal Agnew,DET,WR,13,0,11,11.7,12.7,11.2,151,N/A
Jameis Winston,TAM,QB,16,16,305,305.4,346.4,335.4,5,30
James Conner,PIT,RB,10,10,112,145.5,152.5,128.5,33,N/A
James Develin,NWE,TE,2,2,N/A,0.3,0.3,0.3,114,N/A
James O'Shaughnessy,JAX,TE,5,5,27,41.3,44.3,34.3,46,N/A
James Washington,PIT,WR,15,10,90,133.5,137.5,111.5,51,N/A
James White,NWE,RB,15,1,128,200.2,207.2,164.2,29,N/A
Jamison Crowder,NYJ,WR,16,12,120,197.7,200.7,158.7,34,N/A
Jamize Olawale,DAL,N/A,16,5,N/A,0.0,N/A,N/A,2,76
Jared Cook*,NOR,TE,14,7,125,167.5,170.5,146.0,6,25
Jared Goff,LAR,QB,16,16,248,247.5,271.5,263.5,13,N/A
Jarius Wright,CAR,WR,16,9,29,56.9,59.9,42.9,112,N/A
Jaron Brown,SEA,WR,14,4,32,48.0,52.0,40.0,105,N/A
Jarrett Stidham,NWE,QB,3,0,-2,-1.6,-0.6,-0.6,73,N/A
Jarvis Landry*,CLE,WR,16,16,154,237.4,240.4,195.9,14,43
Jason Moore,LAC,WR,10,0,4,6.3,6.3,5.3,176,N/A
Jason Vander Laan,NOR,N/A,2,1,N/A,0.0,N/A,N/A,134,N/A
Jason Witten,DAL,TE,16,16,77,139.9,143.9,108.4,12,N/A
Javon Wims,CHI,WR,16,6,25,42.6,45.6,33.6,126,N/A
Javorius Allen,NYG,RB,10,0,11,11.5,11.5,11.0,104,N/A
Jay Ajayi,PHI,RB,3,0,3,3.0,3.0,3.0,130,N/A
Jaydon Mickens,TAM,N/A,1,0,N/A,0.0,N/A,N/A,232,N/A
Jaylen Samuels,PIT,RB,14,4,57,104.4,112.4,81.9,56,N/A
Jeff Driskel,DET,QB,3,3,57,58.1,68.1,61.6,38,N/A
Jeff Heuerman,DEN,TE,14,11,17,31.4,34.4,24.4,59,N/A
Jeff Smith,NYJ,WR,1,0,1,2.2,2.2,1.7,209,N/A
Jeff Wilson,SFO,RB,10,0,44,46.9,49.9,45.4,68,N/A
Jerell Adams,HOU,N/A,1,0,N/A,0.0,N/A,N/A,117,N/A
Jeremy McNichols,JAX,N/A,1,0,N/A,0.0,N/A,N/A,159,N/A
Jeremy Sprinkle,WAS,TE,16,13,30,56.1,59.1,43.1,44,N/A
Jerome Cunningham,WAS,N/A,2,1,N/A,0.0,N/A,N/A,122,N/A
Jesper Horsted,CHI,TE,6,1,13,20.7,21.7,16.7,73,N/A
Jesse James,DET,TE,16,11,14,30.2,33.2,22.2,69,N/A
Jester Weah,WAS,N/A,1,0,N/A,0.0,N/A,N/A,237,N/A
Jimmy Garoppolo,SFO,QB,16,16,247,247.3,268.3,260.3,14,N/A
Jimmy Graham,GNB,TE,16,10,63,100.7,103.7,81.7,22,N/A
Joe Flacco,DEN,QB,8,8,85,84.9,95.9,89.9,34,N/A
Joe Mixon,CIN,RB,16,15,190,225.4,231.4,207.9,11,23
John Brown,BUF,WR,15,15,148,219.8,222.8,183.8,19,53
John Kelly,LAR,RB,4,0,1,0.9,0.9,0.9,143,N/A
John Ross,CIN,WR,8,8,67,95.0,99.0,81.0,70,N/A
John Ursua,SEA,WR,3,0,1,2.1,2.1,1.6,211,N/A
Johnny Holton,PIT,WR,16,3,3,6.0,6.0,4.5,184,N/A
Johnny Mundt,LAR,TE,13,2,3,6.6,6.6,4.6,97,N/A
Jojo Natson,LAR,N/A,12,0,N/A,0.0,N/A,N/A,233,N/A
Jon Hilliman,NYG,RB,3,1,5,8.2,10.2,6.7,121,N/A
Jonathan Williams,IND,RB,9,1,35,40.4,43.4,37.9,79,N/A
Jonnu Smith,TEN,TE,16,14,70,104.7,107.7,87.2,17,N/A
Jordan Akins,HOU,TE,16,9,54,89.8,92.8,71.8,26,N/A
Jordan Chunn,DAL,N/A,1,0,N/A,0.0,N/A,N/A,154,N/A
Jordan Howard,PHI,RB,10,4,101,111.4,114.4,106.4,38,N/A
Jordan Matthews,2TM,WR,3,1,3,7.3,7.3,5.3,180,N/A
Jordan Scarlett,CAR,RB,9,0,1,0.9,0.9,0.9,144,N/A
Jordan Thomas,HOU,TE,5,2,1,1.8,1.8,1.3,107,N/A
Jordan Wilkins,IND,RB,14,1,47,54.0,57.0,50.5,65,N/A
Josh Adams,NYJ,RB,3,0,1,1.2,1.2,1.2,138,N/A
Josh Allen,BUF,QB,16,16,289,288.6,307.6,297.6,6,44
Josh Bellamy,NYJ,WR,7,0,2,4.0,4.0,3.0,195,N/A
Josh Doctson,MIN,N/A,1,0,N/A,0.0,N/A,N/A,221,N/A
Josh Ferguson,WAS,RB,2,0,1,0.9,0.9,0.9,142,N/A
Josh Gordon,2TM,WR,11,7,47,73.7,77.7,61.2,88,N/A
Josh Hill,NOR,TE,16,11,41,65.6,68.6,53.1,40,N/A
Josh Jacobs,OAK,RB,13,13,172,191.6,198.6,181.6,14,36
Josh Malone,NYJ,N/A,2,0,N/A,0.0,N/A,N/A,231,N/A
Josh McCown,PHI,QB,3,0,1,0.8,0.8,0.8,61,N/A
Josh Oliver,JAX,TE,4,1,2,4.5,4.5,3.0,99,N/A
Josh Reynolds,LAR,WR,16,2,41,61.9,64.9,51.4,93,N/A
Josh Rosen,MIA,QB,6,3,18,18.0,26.0,23.0,49,N/A
Joshua Perkins,PHI,TE,5,0,15,23.7,23.7,19.2,68,N/A
JuJu Smith-Schuster,PIT,WR,12,12,71,113.2,117.2,92.2,66,N/A
Julian Edelman,NWE,WR,16,13,156,256.3,260.3,206.3,13,40
Julio Jones*,ATL,WR,15,15,175,274.1,277.1,224.6,5,27
Justice Hill,BAL,RB,16,0,42,49.5,52.5,45.5,71,N/A
Justin Hardee,NOR,N/A,16,0,N/A,0.0,N/A,N/A,224,N/A
Justin Hardy,ATL,WR,16,1,20,38.5,41.5,29.0,140,N/A
Justin Jackson,LAC,RB,7,0,22,31.2,34.2,26.7,90,N/A
Justin Watson,TAM,WR,16,2,28,42.9,45.9,35.4,115,N/A
Juwann Winfree,DEN,N/A,3,0,N/A,0.0,N/A,N/A,240,N/A
Kaden Smith,NYG,TE,9,6,45,75.8,78.8,60.3,37,N/A
Kalen Ballage,MIA,RB,12,6,38,51.8,54.8,44.8,75,N/A
Kalif Raymond,TEN,WR,8,1,21,29.5,33.5,25.0,136,N/A
Kareem Hunt,CLE,RB,8,3,64,101.4,107.4,82.9,54,N/A
KeeSean Johnson,ARI,WR,10,4,25,46.0,50.0,35.5,124,N/A
Keelan Cole,JAX,WR,16,1,55,78.7,81.7,66.7,80,N/A
Keelan Doss,OAK,WR,8,2,13,24.3,27.3,18.8,144,N/A
Keenan Allen*,LAC,WR,16,16,158,261.5,264.5,209.5,11,37
Keith Kirkwood,NOR,N/A,1,0,N/A,0.0,N/A,N/A,230,N/A
Keith Smith,ATL,RB,16,5,2,3.1,3.1,2.6,134,N/A
Keke Coutee,HOU,WR,9,4,31,52.8,56.8,41.8,108,N/A
Kelvin Harmon,WAS,WR,16,8,37,66.9,69.9,51.9,98,N/A
Kendall Blanton,LAR,N/A,1,0,N/A,0.0,N/A,N/A,120,N/A
Kendrick Bourne,SFO,WR,16,0,68,97.8,100.8,82.8,68,N/A
Kenjon Barner,ATL,RB,14,0,9,15.1,16.1,12.1,110,N/A
Kenny Golladay*,DET,WR,16,16,183,248.0,252.0,215.5,3,20
Kenny Stills,HOU,WR,13,5,80,120.1,123.1,100.1,58,N/A
Kenyan Drake,2TM,RB,14,10,164,214.2,221.2,189.2,18,47
Kerrith Whyte Jr,PIT,RB,6,0,13,14.1,17.1,13.6,100,N/A
Kerryon Johnson,DET,RB,8,7,75,85.0,92.0,80.0,47,N/A
KhaDarel Hodge,CLE,WR,16,1,8,11.6,11.6,9.6,164,N/A
Khari Blasingame,TEN,RB,6,3,5,9.4,9.4,7.4,120,N/A
Kirk Cousins*,MIN,QB,15,15,244,244.4,256.4,250.4,15,N/A
Krishawn Hogan,NOR,WR,8,0,N/A,1.4,1.4,0.9,215,N/A
Kyle Allen,CAR,QB,13,12,177,177.5,206.5,193.5,28,N/A
Kyle Juszczyk*,SFO,RB,12,12,31,50.6,53.6,40.6,80,N/A
Kyle Rudolph,MIN,TE,16,16,75,113.7,116.7,94.2,14,N/A
Kyler Murray,ARI,QB,16,16,285,285.3,305.3,297.3,8,50
Lamar Jackson*+,BAL,QB,15,15,416,415.7,429.7,421.7,1,2
Lance Kendricks,LAC,TE,12,1,5,8.0,8.0,6.5,90,N/A
Laquon Treadwell,MIN,WR,13,1,24,33.4,36.4,28.9,127,N/A
Larry Fitzgerald,ARI,WR,16,16,102,177.4,181.4,139.9,42,N/A
Latavius Murray,NOR,RB,16,8,123,157.2,163.2,140.2,30,N/A
Le'Veon Bell,NYJ,RB,15,15,149,215.0,222.0,182.0,21,63
LeSean McCoy,KAN,RB,13,9,91,118.6,126.6,104.6,41,N/A
Lee Smith,BUF,WR,16,5,9,13.1,13.1,11.1,160,N/A
Leonard Fournette,JAX,RB,15,15,183,259.4,266.4,221.4,13,29
Levine Toilolo,SFO,TE,13,0,1,3.0,3.0,2.0,105,N/A
Lil'Jordan Humphrey,NOR,N/A,5,1,N/A,0.0,N/A,N/A,225,N/A
Logan Thomas,DET,TE,16,3,23,39.3,42.3,31.3,50,N/A
Luke Falk,NYJ,QB,3,2,9,8.6,15.6,11.6,54,N/A
Luke Stocker,ATL,TE,15,9,5,13.3,13.3,9.3,89,N/A
Luke Willson,SEA,TE,8,7,8,15.9,15.9,11.9,82,N/A
Mack Hollins,2TM,WR,16,3,13,22.5,25.5,17.5,147,N/A
Malcolm Brown,LAR,RB,14,1,57,59.1,62.1,58.1,58,N/A
Malik Turner,SEA,WR,15,3,31,45.5,48.5,38.0,110,N/A
Marcedes Lewis,GNB,TE,16,11,22,36.6,39.6,29.1,52,N/A
Marcell Ateman,OAK,WR,11,0,10,14.6,18.6,12.1,154,N/A
Marcus Johnson,IND,WR,8,6,40,56.7,59.7,48.2,95,N/A
Marcus Mariota,TEN,QB,7,6,85,85.0,93.0,87.0,33,N/A
Mark Andrews*,BAL,TE,15,4,143,207.2,211.2,175.2,2,13
Mark Ingram*,BAL,RB,15,15,217,242.5,250.5,229.5,8,11
Mark Walton,MIA,RB,7,4,27,42.0,46.0,34.5,82,N/A
Marlon Mack,IND,RB,14,12,167,181.3,184.3,174.3,17,42
Marqise Lee,JAX,WR,6,1,2,4.9,4.9,3.4,196,N/A
Marquez Valdes-Scantling,GNB,WR,16,10,58,84.1,87.1,71.1,76,N/A
Marquise Brown,BAL,WR,14,11,100,146.4,149.4,123.4,45,N/A
Marquise Goodwin,SFO,WR,9,6,26,38.1,41.1,32.1,120,N/A
Marshawn Lynch,SEA,RB,1,0,9,9.4,9.4,9.4,108,N/A
Marvin Hall,DET,WR,9,0,33,39.8,42.8,36.3,104,N/A
Marvin Jones,DET,WR,13,11,132,193.9,196.9,162.9,27,71
Mason Rudolph,PIT,QB,10,8,109,108.8,120.8,117.8,30,N/A
Mason Schreck,CIN,N/A,2,0,N/A,0.0,N/A,N/A,131,N/A
Matt Barkley,BUF,QB,2,0,6,6.0,13.0,9.0,57,N/A
Matt Breida,SFO,RB,13,5,84,103.3,110.3,93.8,45,N/A
Matt LaCosse,NWE,TE,11,8,19,32.1,35.1,25.6,57,N/A
Matt Lengel,IND,N/A,1,1,N/A,0.0,N/A,N/A,127,N/A
Matt Moore,KAN,QB,6,2,42,42.3,45.3,42.3,42,N/A
Matt Ryan,ATL,QB,15,15,267,267.3,292.3,281.3,11,69
Matt Schaub,ATL,QB,6,1,33,32.9,37.9,33.9,44,N/A
Matthew Orzech,JAX,N/A,16,0,N/A,0.0,N/A,N/A,129,N/A
Matthew Slater*+,NWE,N/A,16,0,N/A,0.0,N/A,N/A,235,N/A
Matthew Stafford,DET,QB,8,8,167,166.6,177.6,171.6,29,N/A
Maxx Williams,ARI,TE,16,10,26,41.2,44.2,33.7,48,N/A
Mecole Hardman*,KAN,WR,16,5,94,119.5,124.5,106.5,49,N/A
Melvin Gordon,LAC,RB,12,11,139,180.8,189.8,159.8,25,N/A
Michael Burton,WAS,N/A,10,2,N/A,0.0,N/A,N/A,1,75
Michael Crabtree,ARI,WR,2,1,2,6.2,6.2,4.2,192,N/A
Michael Gallup,DAL,WR,14,12,147,212.7,215.7,179.7,20,55
Michael Thomas*+,NOR,WR,16,15,226,374.6,377.6,300.1,1,7
Michael Walker,JAX,WR,7,0,-3,-0.5,1.5,-1.5,245,N/A
Mike Boone,MIN,RB,16,2,47,50.0,53.0,48.5,64,N/A
Mike Davis,2TM,RB,12,1,5,11.9,11.9,8.4,123,N/A
Mike Evans*,TAM,WR,13,13,166,232.7,235.7,199.2,8,33
Mike Gesicki,MIA,TE,16,5,85,136.0,140.0,110.5,11,64
Mike Glennon,OAK,QB,2,0,4,4.2,5.2,4.2,59,N/A
Mike Thomas,LAR,WR,16,0,1,3.4,3.4,2.4,207,N/A
Mike Williams,LAC,WR,15,15,112,161.3,164.3,136.8,37,N/A
Miles Boykin,BAL,WR,16,11,38,50.8,53.8,44.3,97,N/A
Miles Sanders,PHI,RB,16,11,169,218.7,225.7,193.7,15,38
Mitchell Trubisky,CHI,QB,15,15,203,202.8,220.8,212.8,25,N/A
Mo Alie-Cox,IND,TE,16,2,9,17.3,17.3,13.3,79,N/A
Mohamed Sanu,2TM,WR,15,12,65,124.1,127.1,94.6,71,N/A
MyCole Pruitt,TEN,TE,16,10,15,21.0,21.0,18.0,67,N/A
Myles Gaskin,MIA,RB,7,0,24,31.4,34.4,27.9,86,N/A
N'Keal Harry,NWE,WR,7,5,27,39.4,42.4,33.4,117,N/A
Nate Solder,NYG,N/A,16,16,N/A,0.0,N/A,N/A,132,N/A
Nelson Agholor,PHI,WR,11,10,55,94.0,98.0,74.5,79,N/A
Nick Bawden,DET,RB,10,2,2,5.7,5.7,3.7,135,N/A
Nick Bellore,SEA,RB,14,1,8,10.3,10.3,9.3,111,N/A
Nick Boyle,BAL,TE,16,15,44,75.1,78.1,59.6,38,N/A
Nick Chubb*,CLE,RB,16,16,219,255.2,264.2,237.2,6,9
Nick Foles ,JAX,QB,4,4,38,37.7,44.7,39.7,43,N/A
Nick Mullens,SFO,QB,1,0,N/A,-0.3,-0.3,-0.3,70,N/A
Nick O'Leary,2TM,TE,12,5,17,29.9,32.9,23.4,62,N/A
Nick Vannett,2TM,TE,16,7,17,33.6,36.6,25.1,63,N/A
Noah Fant,DEN,TE,16,11,71,111.0,115.0,91.0,16,N/A
Nsimba Webster,LAR,N/A,5,0,N/A,0.0,N/A,N/A,238,N/A
Nyheim Hines,IND,RB,16,2,74,117.9,124.9,95.9,50,N/A
O.J. Howard,TAM,TE,14,14,50,83.9,87.9,66.9,31,N/A
Odell Beckham Jr.,CLE,WR,16,15,127,201.3,205.3,164.3,31,N/A
Olabisi Johnson,MIN,WR,16,6,48,79.0,82.0,63.5,87,N/A
Olamide Zaccheaus,ATL,WR,10,0,24,26.5,29.5,25.0,129,N/A
Parris Campbell,IND,WR,7,3,20,38.1,42.1,29.1,139,N/A
Patrick DiMarco,BUF,RB,16,4,5,9.8,9.8,7.3,125,N/A
Patrick Laird,MIA,RB,15,4,45,68.2,74.2,56.7,67,N/A
Patrick Mahomes*,KAN,QB,14,14,287,287.0,300.0,292.0,7,48
Patrick Ricard*,BAL,RB,16,7,11,18.7,18.7,14.7,103,N/A
Paul Perkins,DET,RB,4,0,4,4.8,4.8,4.3,128,N/A
Paul Richardson,WAS,WR,10,6,37,64.5,67.5,50.5,99,N/A
Peyton Barber,TAM,RB,16,7,101,116.5,123.5,108.5,39,N/A
Pharaoh Brown,CLE,TE,9,6,3,4.7,4.7,3.7,95,N/A
Pharoh Cooper,2TM,WR,13,1,31,55.5,58.5,43.0,109,N/A
Philip Rivers,LAC,QB,16,16,236,235.5,261.5,255.5,18,N/A
Phillip Dorsett,NWE,WR,14,4,72,100.8,103.8,86.3,65,N/A
Phillip Lindsay,DEN,RB,16,16,163,197.7,203.7,180.2,19,49
Preston Williams,MIA,WR,8,7,59,90.8,94.8,74.8,75,N/A
Qadree Ollison,ATL,RB,8,0,30,30.7,30.7,30.2,81,N/A
Quincy Enunwa,NYJ,WR,1,1,-2,-1.4,-0.4,-1.9,244,N/A
Raheem Mostert,SFO,RB,16,0,151,165.2,173.2,158.2,20,61
Randall Cobb,DAL,WR,15,6,100,154.9,158.9,127.4,47,N/A
Rashaad Penny,SEA,RB,10,0,67,75.3,79.3,71.3,53,N/A
Rashard Davis,TEN,WR,1,0,2,2.6,2.6,2.1,203,N/A
Rashard Higgins,CLE,WR,10,1,12,15.5,15.5,13.5,150,N/A
Ray-Ray McCloud,CAR,N/A,6,0,-2,-2.0,-1.0,-2.0,243,N/A
Reggie Bonnafon,CAR,RB,16,0,23,29.3,32.3,26.3,88,N/A
Rex Burkhead,NWE,RB,13,1,74,101.1,108.1,87.6,49,N/A
Rhett Ellison,NYG,TE,10,7,23,40.7,43.7,31.7,51,N/A
Richard Rodgers,PHI,N/A,1,0,N/A,0.0,N/A,N/A,130,N/A
Richie James,SFO,WR,16,1,20,26.4,30.4,23.4,138,N/A
Ricky Ortiz,NOR,RB,1,0,1,1.8,1.8,1.3,146,N/A
Ricky Seals-Jones,CLE,TE,14,3,45,58.9,62.9,51.9,36,N/A
Rico Gafford,OAK,WR,4,1,13,14.6,14.6,13.6,146,N/A
Riley Ridley,CHI,WR,5,0,7,12.9,12.9,9.9,167,N/A
River Cracraft,DEN,N/A,1,0,N/A,0.0,N/A,N/A,218,N/A
Robby Anderson,NYJ,WR,16,15,110,162.3,165.3,136.3,38,N/A
Robert Davis,2TM,WR,6,3,2,3.7,3.7,2.7,199,N/A
Robert Foster,BUF,WR,13,2,9,12.3,12.3,10.8,158,N/A
Robert Griffin III,BAL,QB,7,1,16,16.0,18.0,18.0,52,N/A
Robert Tonyan,GNB,TE,11,1,16,26.0,29.0,21.0,65,N/A
Robert Turbin,SEA,N/A,1,0,N/A,0.0,N/A,N/A,162,N/A
Robert Woods,LAR,WR,15,15,143,232.9,238.9,187.9,22,59
Rod Smith,2TM,N/A,6,0,N/A,0.0,N/A,N/A,161,N/A
Ronald Jones II,TAM,RB,16,9,135,166.3,174.3,150.8,27,N/A
Roosevelt Nix,PIT,RB,3,0,N/A,2.4,2.4,1.4,151,N/A
Ross Dwelley,SFO,TE,16,6,21,36.1,36.1,28.6,53,N/A
Ross Travis,IND,TE,3,1,3,7.1,8.1,5.1,93,N/A
Royce Freeman,DEN,RB,16,0,99,142.2,148.2,120.7,40,N/A
Russell Gage,ATL,WR,16,4,50,98.8,102.8,74.3,84,N/A
Russell Shepard,NYG,WR,3,0,3,5.5,5.5,4.0,191,N/A
Russell Wilson*,SEA,QB,16,16,329,328.6,341.6,333.6,3,14
Ryan Finley,CIN,QB,3,3,25,24.7,32.7,26.7,47,N/A
Ryan Fitzpatrick,MIA,QB,15,13,241,241.5,262.5,254.5,17,N/A
Ryan Grant,OAK,WR,2,1,1,5.4,5.4,3.4,205,N/A
Ryan Griffin,NYJ,TE,13,13,64,98.0,101.0,81.0,20,N/A
Ryan Griffin,TAM,QB,2,0,1,0.6,0.6,0.6,62,N/A
Ryan Izzo,NWE,TE,6,4,17,23.4,26.4,20.4,60,N/A
Ryan Nall,CHI,RB,8,0,1,0.8,0.8,0.8,145,N/A
Ryan Switzer,PIT,WR,9,0,3,10.7,10.7,6.7,190,N/A
Ryan Tannehill*,TEN,QB,12,10,224,224.2,239.2,230.2,22,N/A
Ryquell Armstead,JAX,RB,16,1,37,51.2,57.2,44.2,76,N/A
Sam Darnold,NYJ,QB,13,13,189,189.2,208.2,202.2,27,N/A
Samaje Perine,2TM,RB,7,0,2,1.6,1.6,1.6,137,N/A
Sammy Watkins,KAN,WR,14,13,87,138.5,142.5,112.5,52,N/A
Saquon Barkley,NYG,RB,13,13,192,244.1,250.1,218.1,10,21
Scott Miller,TAM,WR,10,2,28,40.6,43.6,34.1,116,N/A
Scott Simonson,NYG,TE,5,1,1,3.1,3.1,2.1,104,N/A
Sean Culkin,LAC,TE,4,2,1,2.2,2.2,1.7,101,N/A
Sean Mannion,MIN,QB,3,1,-1,-1.5,1.5,0.5,72,N/A
Senorise Perry,BUF,RB,11,0,N/A,1.4,1.4,0.9,152,N/A
Seth Devalve,JAX,TE,12,6,14,26.0,29.0,20.0,70,N/A
Seth Roberts,BAL,WR,16,0,39,60.1,63.1,49.6,96,N/A
Sony Michel,NWE,RB,16,14,141,152.6,156.6,146.6,24,78
Spencer Schnell,TAM,N/A,1,0,N/A,0.0,N/A,N/A,234,N/A
Spencer Ware,KAN,RB,3,1,7,12.3,12.3,9.8,115,N/A
Stanley Morgan Jr.,CIN,WR,11,0,2,4.8,4.8,3.3,198,N/A
Stefon Diggs,MIN,WR,15,15,149,212.1,218.1,180.6,18,52
Stephen Anderson,LAC,N/A,1,0,N/A,0.0,N/A,N/A,118,N/A
Stephen Carlson,CLE,TE,9,5,11,16.1,16.1,13.6,76,N/A
Sterling Shepard,NYG,WR,10,10,85,141.8,144.8,113.3,54,N/A
Steven Mitchell,HOU,WR,3,1,4,5.7,5.7,4.7,178,N/A
Steven Sims,WAS,WR,16,2,76,109.5,112.5,92.5,63,N/A
T.J. Hockenson,DET,TE,12,7,49,80.7,83.7,64.7,32,N/A
T.J. Jones,NYG,WR,3,0,10,12.8,12.8,11.3,153,N/A
T.J. Logan,TAM,RB,12,0,2,4.3,4.3,3.3,132,N/A
T.J. Yeldon,BUF,RB,6,0,17,29.7,33.7,23.2,96,N/A
T.Y. Hilton,IND,WR,10,10,80,125.1,128.1,102.6,57,N/A
Taiwan Jones,HOU,RB,11,0,5,5.9,5.9,5.4,124,N/A
Tajae Sharpe,TEN,WR,15,6,57,81.9,84.9,69.4,77,N/A
Tanner Hudson,TAM,TE,9,1,3,4.6,4.6,3.6,96,N/A
Tarik Cohen,CHI,RB,16,11,85,163.9,169.9,124.4,44,N/A
Tavon Austin,DAL,WR,14,0,34,47.4,50.4,40.9,103,N/A
Taylor Gabriel,CHI,WR,9,7,61,90.3,93.3,75.8,74,N/A
Taysom Hill,NOR,QB,16,5,83,102.2,108.2,92.7,35,N/A
Taywan Taylor,CLE,N/A,3,1,N/A,0.0,N/A,N/A,236,N/A
Ted Ginn Jr.,NOR,WR,16,9,56,85.9,88.9,70.9,78,N/A
Teddy Bridgewater,NOR,QB,9,5,90,90.5,95.5,92.5,32,N/A
Terry McLaurin,WAS,WR,14,14,134,191.9,194.9,162.9,24,66
Tevin Coleman,SFO,RB,14,11,114,135.4,141.4,124.9,32,N/A
Tevin Jones,PIT,WR,5,0,6,10.1,10.1,8.1,169,N/A
Tim Boyle,GNB,QB,3,0,N/A,-0.1,-0.1,-0.1,68,N/A
Tim Patrick,DEN,WR,8,2,22,37.8,40.8,29.8,135,N/A
Todd Gurley,LAR,RB,15,15,188,219.4,227.4,203.9,12,24
Tom Brady,NWE,QB,16,16,264,263.7,275.7,271.7,12,N/A
Tom Kennedy,DET,N/A,1,0,N/A,0.0,N/A,N/A,228,N/A
Tommy Sweeney,BUF,TE,6,1,11,19.4,22.4,15.4,75,N/A
Tony Brooks-James,PIT,RB,3,0,1,0.7,0.7,0.7,147,N/A
Tony Pollard,DAL,RB,15,0,74,89.2,96.2,81.7,48,N/A
Tra Carson,2TM,RB,3,1,7,10.6,10.6,8.6,117,N/A
Trace McSorley,BAL,QB,1,0,N/A,0.1,0.1,0.1,64,N/A
Travis Benjamin,LAC,WR,5,2,3,9.0,9.0,6.0,183,N/A
Travis Fulgham,DET,N/A,3,0,N/A,0.0,N/A,N/A,222,N/A
Travis Homer,SEA,RB,16,1,17,28.0,31.0,22.5,95,N/A
Travis Kelce*,KAN,TE,16,16,157,254.3,258.3,205.8,1,8
Trayveon Williams,CIN,N/A,11,0,N/A,0.0,N/A,N/A,164,N/A
Tre'Quan Smith,NOR,WR,11,6,53,71.4,74.4,62.4,81,N/A
Trent Sherfield,ARI,WR,16,1,8,12.0,12.0,10.0,163,N/A
Trenton Cannon,NYJ,N/A,4,0,N/A,0.0,N/A,N/A,153,N/A
Trenton Irwin,CIN,N/A,1,0,N/A,0.0,N/A,N/A,226,N/A
Trevon Wesco,NYJ,TE,16,1,5,6.9,6.9,5.9,92,N/A
Trevor Davis,3TM,WR,14,4,20,28.4,33.4,24.4,137,N/A
Trevor Siemian,NYJ,QB,1,1,N/A,0.1,0.1,0.1,63,N/A
Trey Burton,CHI,TE,8,5,8,22.4,22.4,15.4,81,N/A
Trey Edmunds,PIT,RB,11,0,14,20.0,20.0,17.0,99,N/A
Trey Quinn,WAS,WR,12,6,26,51.8,55.8,38.8,122,N/A
Troy Fumagalli,DEN,TE,11,5,10,15.8,15.8,12.8,78,N/A
Troymaine Pope,LAC,RB,14,0,7,9.4,10.4,8.4,113,N/A
Ty Johnson,DET,RB,16,1,36,60.2,67.2,48.2,78,N/A
Ty Montgomery,NYJ,RB,16,2,19,32.3,35.3,25.8,92,N/A
Tyler Boyd,CIN,WR,16,15,133,222.9,227.9,177.9,25,68
Tyler Conklin,MIN,TE,15,1,6,13.8,13.8,9.8,88,N/A
Tyler Eifert,CIN,TE,16,4,64,106.6,109.6,85.1,21,N/A
Tyler Ervin,2TM,RB,10,0,2,4.1,4.1,3.1,133,N/A
Tyler Higbee,LAR,TE,15,15,91,160.4,163.4,125.9,9,57
Tyler Kroft,BUF,TE,11,3,13,19.1,19.1,16.1,72,N/A
Tyler Lockett,SEA,WR,16,16,153,235.2,238.2,194.2,15,45
Tyreek Hill*,KAN,WR,12,12,130,188.3,191.3,159.3,28,73
Tyrell Williams,OAK,WR,14,12,101,143.1,146.1,122.1,44,N/A
Tyrod Taylor,LAC,QB,8,0,6,6.0,6.0,6.0,56,N/A
Tyrone Swoopes,SEA,TE,5,2,1,1.5,1.5,1.0,111,N/A
Vance McDonald ,PIT,TE,14,14,46,83.5,86.5,64.5,35,N/A
Ventell Bryant,DAL,WR,12,0,8,8.5,8.5,8.0,165,N/A
Vernon Davis,WAS,TE,4,1,18,28.3,31.3,23.3,58,N/A
Virgil Green,LAC,TE,15,4,14,22.8,22.8,18.3,71,N/A
Vyncint Smith,NYJ,WR,13,4,32,48.7,52.7,40.2,107,N/A
Wayne Gallman,NYG,RB,10,2,37,48.2,55.2,42.7,77,N/A
Wendell Smallwood,WAS,RB,15,0,15,23.5,23.5,19.0,97,N/A
Wes Hills,DET,RB,1,1,14,16.2,16.2,15.2,98,N/A
Will Dissly,SEA,TE,6,6,51,73.9,76.9,62.4,30,N/A
Will Fuller,HOU,WR,11,11,85,134.0,137.0,109.5,53,N/A
Will Grier,CAR,QB,2,2,1,1.3,6.3,5.3,60,N/A
Willie Snead,BAL,WR,16,11,64,95.1,98.1,79.6,72,N/A
Xavier Grimble,PIT,TE,3,1,N/A,1.3,1.3,0.8,115,N/A
Zach Ertz*,PHI,TE,15,15,128,215.6,219.6,171.6,5,22
Zach Gentry,PIT,TE,4,0,N/A,1.4,1.4,0.9,113,N/A
Zach Line,NOR,RB,12,2,6,11.6,11.6,8.6,119,N/A
Zach Pascal,IND,WR,16,13,94,135.3,138.3,114.8,48,N/A
Zach Zenner,3TM,RB,5,0,2,3.7,3.7,2.7,136,N/A
Zay Jones,2TM,WR,15,9,22,48.9,51.9,35.4,134,N/A
